Workbook

Sheet Jun.26
A1: YEAR | B1: MONTH | C1: CUSTOMER | D1: GROUP | E1: M/C NO. | F1: PRODUCT NAME | G1: PLAN OUTPUT (pcs.) | H1: ACTUAL OUTPUT (pcs.) | I1: PLAN AMOUNT (THB) | J1: ACTUAL AMOUNT (THB) | K1: PD Output ratio | L1: Status
A2: 2026 | B2: JUN | C2: WDC | D2: HDD | E2: =_xlfn.XLOOKUP(F2,'Daily WDC'!B:B,'Daily WDC'!C:C) -> H2(40ton) | F2: Latch Esprit M5 | G2: =SUMIFS('Daily WDC'!$AJ$9:$AJ$582,'Daily WDC'!$A$9:$A$582,Jun.26!E2,'Daily WDC'!$B$9:$B$582,Jun.26!F2) -> 0 | H2: =SUMIFS('Daily WDC'!$AK$9:$AK$582,'Daily WDC'!$A$9:$A$582,Jun.26!E2,'Daily WDC'!$B$9:$B$582,Jun.26!F2) -> 0 | I2: =SUMIFS('Daily WDC'!$AL$9:$AL$582,'Daily WDC'!$A$9:$A$582,Jun.26!E2,'Daily WDC'!$B$9:$B$582,Jun.26!F2) -> 0 | J2: =SUMIFS('Daily WDC'!$AM$9:$AM$582,'Daily WDC'!$A$9:$A$582,Jun.26!E2,'Daily WDC'!$B$9:$B$582,Jun.26!F2) -> 0 | K2: =H2/G2 -> #DIV/0! | L2: =IF(K2>1,"Achieved","Unachieved") -> #DIV/0!
A3: 2026 | B3: JUN | C3: WDC | D3: HDD | E3: =_xlfn.XLOOKUP(F3,'Daily WDC'!B:B,'Daily WDC'!C:C) -> H2(40ton) | F3: Latch Spyglass M1 | G3: =SUMIFS('Daily WDC'!$AJ$9:$AJ$582,'Daily WDC'!$A$9:$A$582,Jun.26!E3,'Daily WDC'!$B$9:$B$582,Jun.26!F3) -> 300000 | H3: =SUMIFS('Daily WDC'!$AK$9:$AK$582,'Daily WDC'!$A$9:$A$582,Jun.26!E3,'Daily WDC'!$B$9:$B$582,Jun.26!F3) -> 38000 | I3: =SUMIFS('Daily WDC'!$AL$9:$AL$582,'Daily WDC'!$A$9:$A$582,Jun.26!E3,'Daily WDC'!$B$9:$B$582,Jun.26!F3) -> 357537 | J3: =SUMIFS('Daily WDC'!$AM$9:$AM$582,'Daily WDC'!$A$9:$A$582,Jun.26!E3,'Daily WDC'!$B$9:$B$582,Jun.26!F3) -> 45288.02 | K3: =H3/G2 -> #DIV/0! | L3: =IF(K3>1,"Achieved","Unachieved") -> #DIV/0!
A4: 2026 | B4: JUN | C4: WDC | D4: HDD | E4: =_xlfn.XLOOKUP(F4,'Daily WDC'!B:B,'Daily WDC'!C:C) -> H3(50ton) | F4: Air Spoiler Sydney-E M2 | G4: =SUMIFS('Daily WDC'!$AJ$9:$AJ$582,'Daily WDC'!$A$9:$A$582,Jun.26!E4,'Daily WDC'!$B$9:$B$582,Jun.26!F4) -> 300000 | H4: =SUMIFS('Daily WDC'!$AK$9:$AK$582,'Daily WDC'!$A$9:$A$582,Jun.26!E4,'Daily WDC'!$B$9:$B$582,Jun.26!F4) -> 241584 | I4: =SUMIFS('Daily WDC'!$AL$9:$AL$582,'Daily WDC'!$A$9:$A$582,Jun.26!E4,'Daily WDC'!$B$9:$B$582,Jun.26!F4) -> 1542018 | J4: =SUMIFS('Daily WDC'!$AM$9:$AM$582,'Daily WDC'!$A$9:$A$582,Jun.26!E4,'Daily WDC'!$B$9:$B$582,Jun.26!F4) -> 1241756.3 | K4: =H4/G4 -> 0.80528 | L4: =IF(K4>1,"Achieved","Unachieved") -> Unachieved
A5: 2026 | B5: JUN | C5: WDC | D5: HDD | E5: =_xlfn.XLOOKUP(F5,'Daily WDC'!B:B,'Daily WDC'!C:C) -> H3(50ton) | F5: Air Spoiler Paris-C M3 | G5: =SUMIFS('Daily WDC'!$AJ$9:$AJ$582,'Daily WDC'!$A$9:$A$582,Jun.26!E5,'Daily WDC'!$B$9:$B$582,Jun.26!F5) -> 0 | H5: =SUMIFS('Daily WDC'!$AK$9:$AK$582,'Daily WDC'!$A$9:$A$582,Jun.26!E5,'Daily WDC'!$B$9:$B$582,Jun.26!F5) -> 0 | I5: =SUMIFS('Daily WDC'!$AL$9:$AL$582,'Daily WDC'!$A$9:$A$582,Jun.26!E5,'Daily WDC'!$B$9:$B$582,Jun.26!F5) -> 0 | J5: =SUMIFS('Daily WDC'!$AM$9:$AM$582,'Daily WDC'!$A$9:$A$582,Jun.26!E5,'Daily WDC'!$B$9:$B$582,Jun.26!F5) -> 0 | K5: =H5/G5 -> #DIV/0! | L5: =IF(K5>1,"Achieved","Unachieved") -> #DIV/0!
A6: 2026 | B6: JUN | C6: WDC | D6: HDD | E6: =_xlfn.XLOOKUP(F6,'Daily WDC'!B:B,'Daily WDC'!C:C) -> H5(50ton) | F6: Air Spoiler Sydney-E M1 | G6: =SUMIFS('Daily WDC'!$AJ$9:$AJ$582,'Daily WDC'!$A$9:$A$582,Jun.26!E6,'Daily WDC'!$B$9:$B$582,Jun.26!F6) -> 348000 | H6: =SUMIFS('Daily WDC'!$AK$9:$AK$582,'Daily WDC'!$A$9:$A$582,Jun.26!E6,'Daily WDC'!$B$9:$B$582,Jun.26!F6) -> 127680 | I6: =SUMIFS('Daily WDC'!$AL$9:$AL$582,'Daily WDC'!$A$9:$A$582,Jun.26!E6,'Daily WDC'!$B$9:$B$582,Jun.26!F6) -> 1788740.9 | J6: =SUMIFS('Daily WDC'!$AM$9:$AM$582,'Daily WDC'!$A$9:$A$582,Jun.26!E6,'Daily WDC'!$B$9:$B$582,Jun.26!F6) -> 656282.86 | K6: =H6/G6 -> 0.36689655 | L6: =IF(K6>1,"Achieved","Unachieved") -> Unachieved
A7: 2026 | B7: JUN | C7: WDC | D7: HDD | E7: =_xlfn.XLOOKUP(F7,'Daily WDC'!B:B,'Daily WDC'!C:C) -> H6(50ton) | F7: Air Spoiler Sydney-E M3 | G7: =SUMIFS('Daily WDC'!$AJ$9:$AJ$582,'Daily WDC'!$A$9:$A$582,Jun.26!E7,'Daily WDC'!$B$9:$B$582,Jun.26!F7) -> 284000 | H7: =SUMIFS('Daily WDC'!$AK$9:$AK$582,'Daily WDC'!$A$9:$A$582,Jun.26!E7,'Daily WDC'!$B$9:$B$582,Jun.26!F7) -> 264264 | I7: =SUMIFS('Daily WDC'!$AL$9:$AL$582,'Daily WDC'!$A$9:$A$582,Jun.26!E7,'Daily WDC'!$B$9:$B$582,Jun.26!F7) -> 1459777 | J7: =SUMIFS('Daily WDC'!$AM$9:$AM$582,'Daily WDC'!$A$9:$A$582,Jun.26!E7,'Daily WDC'!$B$9:$B$582,Jun.26!F7) -> 1358332.8 | K7: =H7/G7 -> 0.93050704 | L7: =IF(K7>1,"Achieved","Unachieved") -> Unachieved
A8: 2026 | B8: JUN | C8: WDC | D8: HDD | E8: =_xlfn.XLOOKUP(F8,'Daily WDC'!B:B,'Daily WDC'!C:C) -> H6(50ton) | F8: Air Spoiler London-D M3 | G8: =SUMIFS('Daily WDC'!$AJ$9:$AJ$582,'Daily WDC'!$A$9:$A$582,Jun.26!E8,'Daily WDC'!$B$9:$B$582,Jun.26!F8) -> 0 | H8: =SUMIFS('Daily WDC'!$AK$9:$AK$582,'Daily WDC'!$A$9:$A$582,Jun.26!E8,'Daily WDC'!$B$9:$B$582,Jun.26!F8) -> 0 | I8: =SUMIFS('Daily WDC'!$AL$9:$AL$582,'Daily WDC'!$A$9:$A$582,Jun.26!E8,'Daily WDC'!$B$9:$B$582,Jun.26!F8) -> 0 | J8: =SUMIFS('Daily WDC'!$AM$9:$AM$582,'Daily WDC'!$A$9:$A$582,Jun.26!E8,'Daily WDC'!$B$9:$B$582,Jun.26!F8) -> 0 | K8: =H8/G8 -> #DIV/0! | L8: =IF(K8>1,"Achieved","Unachieved") -> #DIV/0!
A9: 2026 | B9: JUN | C9: WDC | D9: HDD | E9: =_xlfn.XLOOKUP(F9,'Daily WDC'!B:B,'Daily WDC'!C:C) -> H7(50ton) | F9: Air Spoiler London-D M1 | G9: =SUMIFS('Daily WDC'!$AJ$9:$AJ$582,'Daily WDC'!$A$9:$A$582,Jun.26!E9,'Daily WDC'!$B$9:$B$582,Jun.26!F9) -> 270000 | H9: =SUMIFS('Daily WDC'!$AK$9:$AK$582,'Daily WDC'!$A$9:$A$582,Jun.26!E9,'Daily WDC'!$B$9:$B$582,Jun.26!F9) -> 215208 | I9: =SUMIFS('Daily WDC'!$AL$9:$AL$582,'Daily WDC'!$A$9:$A$582,Jun.26!E9,'Daily WDC'!$B$9:$B$582,Jun.26!F9) -> 1110982.5 | J9: =SUMIFS('Daily WDC'!$AM$9:$AM$582,'Daily WDC'!$A$9:$A$582,Jun.26!E9,'Daily WDC'!$B$9:$B$582,Jun.26!F9) -> 885527.12 | K9: =H9/G9 -> 0.79706667 | L9: =IF(K9>1,"Achieved","Unachieved") -> Unachieved
A10: 2026 | B10: JUN | C10: WDC | D10: HDD | E10: =_xlfn.XLOOKUP(F10,'Daily WDC'!B:B,'Daily WDC'!C:C) -> H8(50ton) | F10: Air Spoiler Vela-A M1 | G10: =SUMIFS('Daily WDC'!$AJ$9:$AJ$582,'Daily WDC'!$A$9:$A$582,Jun.26!E10,'Daily WDC'!$B$9:$B$582,Jun.26!F10) -> 240000 | H10: =SUMIFS('Daily WDC'!$AK$9:$AK$582,'Daily WDC'!$A$9:$A$582,Jun.26!E10,'Daily WDC'!$B$9:$B$582,Jun.26!F10) -> 182400 | I10: =SUMIFS('Daily WDC'!$AL$9:$AL$582,'Daily WDC'!$A$9:$A$582,Jun.26!E10,'Daily WDC'!$B$9:$B$582,Jun.26!F10) -> 1403613.6 | J10: =SUMIFS('Daily WDC'!$AM$9:$AM$582,'Daily WDC'!$A$9:$A$582,Jun.26!E10,'Daily WDC'!$B$9:$B$582,Jun.26!F10) -> 1066746.3 | K10: =H10/G10 -> 0.76 | L10: =IF(K10>1,"Achieved","Unachieved") -> Unachieved
A11: 2026 | B11: JUN | C11: WDC | D11: HDD | E11: =_xlfn.XLOOKUP(F11,'Daily WDC'!B:B,'Daily WDC'!C:C) -> H9(50ton) | F11: Air Spoiler Vela-A M2 | G11: =SUMIFS('Daily WDC'!$AJ$9:$AJ$582,'Daily WDC'!$A$9:$A$582,Jun.26!E11,'Daily WDC'!$B$9:$B$582,Jun.26!F11) -> 260000 | H11: =SUMIFS('Daily WDC'!$AK$9:$AK$582,'Daily WDC'!$A$9:$A$582,Jun.26!E11,'Daily WDC'!$B$9:$B$582,Jun.26!F11) -> 300000 | I11: =SUMIFS('Daily WDC'!$AL$9:$AL$582,'Daily WDC'!$A$9:$A$582,Jun.26!E11,'Daily WDC'!$B$9:$B$582,Jun.26!F11) -> 1520581.4 | J11: =SUMIFS('Daily WDC'!$AM$9:$AM$582,'Daily WDC'!$A$9:$A$582,Jun.26!E11,'Daily WDC'!$B$9:$B$582,Jun.26!F11) -> 1754517 | K11: =H11/G11 -> 1.1538462 | L11: =IF(K11>1,"Achieved","Unachieved") -> Achieved
A12: 2026 | B12: JUN | C12: WDC | D12: HDD | E12: =_xlfn.XLOOKUP(F12,'Daily WDC'!B:B,'Daily WDC'!C:C) -> H9(50ton) | F12: Air Spoiler Vela-AP M1 | G12: =SUMIFS('Daily WDC'!$AJ$9:$AJ$582,'Daily WDC'!$A$9:$A$582,Jun.26!E12,'Daily WDC'!$B$9:$B$582,Jun.26!F12) -> 0 | H12: =SUMIFS('Daily WDC'!$AK$9:$AK$582,'Daily WDC'!$A$9:$A$582,Jun.26!E12,'Daily WDC'!$B$9:$B$582,Jun.26!F12) -> 0 | I12: =SUMIFS('Daily WDC'!$AL$9:$AL$582,'Daily WDC'!$A$9:$A$582,Jun.26!E12,'Daily WDC'!$B$9:$B$582,Jun.26!F12) -> 0 | J12: =SUMIFS('Daily WDC'!$AM$9:$AM$582,'Daily WDC'!$A$9:$A$582,Jun.26!E12,'Daily WDC'!$B$9:$B$582,Jun.26!F12) -> 0 | K12: =H12/G12 -> #DIV/0! | L12: =IF(K12>1,"Achieved","Unachieved") -> #DIV/0!
A13: 2026 | B13: JUN | C13: WDC | D13: HDD | E13: =_xlfn.XLOOKUP(F13,'Daily WDC'!B:B,'Daily WDC'!C:C) -> H9(50ton) | F13: Air Spoiler Vela-AP M2 | G13: =SUMIFS('Daily WDC'!$AJ$9:$AJ$582,'Daily WDC'!$A$9:$A$582,Jun.26!E13,'Daily WDC'!$B$9:$B$582,Jun.26!F13) -> 0 | H13: =SUMIFS('Daily WDC'!$AK$9:$AK$582,'Daily WDC'!$A$9:$A$582,Jun.26!E13,'Daily WDC'!$B$9:$B$582,Jun.26!F13) -> 0 | I13: =SUMIFS('Daily WDC'!$AL$9:$AL$582,'Daily WDC'!$A$9:$A$582,Jun.26!E13,'Daily WDC'!$B$9:$B$582,Jun.26!F13) -> 0 | J13: =SUMIFS('Daily WDC'!$AM$9:$AM$582,'Daily WDC'!$A$9:$A$582,Jun.26!E13,'Daily WDC'!$B$9:$B$582,Jun.26!F13) -> 0 | K13: =H13/G13 -> #DIV/0! | L13: =IF(K13>1,"Achieved","Unachieved") -> #DIV/0!
A14: 2026 | B14: JUN | C14: WDC | D14: HDD | E14: =_xlfn.XLOOKUP(F14,'Daily WDC'!B:B,'Daily WDC'!C:C) -> H10(50ton) | F14: Air Spoiler Vela-AX M1 | G14: =SUMIFS('Daily WDC'!$AJ$9:$AJ$582,'Daily WDC'!$A$9:$A$582,Jun.26!E14,'Daily WDC'!$B$9:$B$582,Jun.26!F14) -> 120000 | H14: =SUMIFS('Daily WDC'!$AK$9:$AK$582,'Daily WDC'!$A$9:$A$582,Jun.26!E14,'Daily WDC'!$B$9:$B$582,Jun.26!F14) -> 102144 | I14: =SUMIFS('Daily WDC'!$AL$9:$AL$582,'Daily WDC'!$A$9:$A$582,Jun.26!E14,'Daily WDC'!$B$9:$B$582,Jun.26!F14) -> 311809.2 | J14: =SUMIFS('Daily WDC'!$AM$9:$AM$582,'Daily WDC'!$A$9:$A$582,Jun.26!E14,'Daily WDC'!$B$9:$B$582,Jun.26!F14) -> 265411.99 | K14: =H14/G14 -> 0.8512 | L14: =IF(K14>1,"Achieved","Unachieved") -> Unachieved
A15: 2026 | B15: JUN | C15: WDC | D15: HDD | E15: =_xlfn.XLOOKUP(F15,'Daily WDC'!B:B,'Daily WDC'!C:C) -> H10(50ton) | F15: Air Spoiler Venice M2 | G15: =SUMIFS('Daily WDC'!$AJ$9:$AJ$582,'Daily WDC'!$A$9:$A$582,Jun.26!E15,'Daily WDC'!$B$9:$B$582,Jun.26!F15) -> 0 | H15: =SUMIFS('Daily WDC'!$AK$9:$AK$582,'Daily WDC'!$A$9:$A$582,Jun.26!E15,'Daily WDC'!$B$9:$B$582,Jun.26!F15) -> 0 | I15: =SUMIFS('Daily WDC'!$AL$9:$AL$582,'Daily WDC'!$A$9:$A$582,Jun.26!E15,'Daily WDC'!$B$9:$B$582,Jun.26!F15) -> 0 | J15: =SUMIFS('Daily WDC'!$AM$9:$AM$582,'Daily WDC'!$A$9:$A$582,Jun.26!E15,'Daily WDC'!$B$9:$B$582,Jun.26!F15) -> 0 | K15: =H15/G15 -> #DIV/0! | L15: =IF(K15>1,"Achieved","Unachieved") -> #DIV/0!
... A20: 2026 | B20: JUN | C20: WDC | D20: HDD | E20: =_xlfn.XLOOKUP(F20,'Daily WDC'!B:B,'Daily WDC'!C:C) -> H22(50ton) | F20: Air Spoiler Sydney-E M4 | G20: =SUMIFS('Daily WDC'!$AJ$9:$AJ$582,'Daily WDC'!$A$9:$A$582,Jun.26!E20,'Daily WDC'!$B$9:$B$582,Jun.26!F20) -> 148000 | H20: =SUMIFS('Daily WDC'!$AK$9:$AK$582,'Daily WDC'!$A$9:$A$582,Jun.26!E20,'Daily WDC'!$B$9:$B$582,Jun.26!F20) -> 199920 | I20: =SUMIFS('Daily WDC'!$AL$9:$AL$582,'Daily WDC'!$A$9:$A$582,Jun.26!E20,'Daily WDC'!$B$9:$B$582,Jun.26!F20) -> 760728.88 | J20: =SUMIFS('Daily WDC'!$AM$9:$AM$582,'Daily WDC'!$A$9:$A$582,Jun.26!E20,'Daily WDC'!$B$9:$B$582,Jun.26!F20) -> 1027600.8 | K20: =H20/G20 -> 1.3508108 | L20: =IF(K20>1,"Achieved","Unachieved") -> Achieved
A21: 2026 | B21: JUN | C21: NET | D21: HDD | E21: =_xlfn.XLOOKUP(F21,'Daily Nidec'!B:B,'Daily Nidec'!C:C) -> H12(50ton) | F21: Filter Case Test TYD M2 | G21: =SUMIFS('Daily Nidec'!$AJ$8:$AJ$35,'Daily Nidec'!$A$8:$A$35,Jun.26!E21,'Daily Nidec'!$B$8:$B$35,Jun.26!F21) -> 19000 | H21: =SUMIFS('Daily Nidec'!$AK$8:$AK$35,'Daily Nidec'!$A$8:$A$35,Jun.26!E21,'Daily Nidec'!$B$8:$B$35,Jun.26!F21) -> 19040 | I21: =SUMIFS('Daily Nidec'!$AL$8:$AL$35,'Daily Nidec'!$A$8:$A$35,Jun.26!E21,'Daily Nidec'!$B$8:$B$35,Jun.26!F21) -> 73075.14 | J21: =SUMIFS('Daily Nidec'!$AM$8:$AM$35,'Daily Nidec'!$A$8:$A$35,Jun.26!E21,'Daily Nidec'!$B$8:$B$35,Jun.26!F21) -> 73228.982 | K21: =H21/G21 -> 1.0021053 | L21: =IF(K21>1,"Achieved","Unachieved") -> Achieved
A22: 2026 | B22: JUN | C22: SEAGATE | D22: HDD | E22: =_xlfn.XLOOKUP(F22,'Daily Seagate'!B:B,'Daily Seagate'!C:C) -> H17(50ton) | F22: TRAY,PLASTIC,SLIDER,WASH,DPEMTO | G22: =SUMIFS('Daily Seagate'!$AJ$9:$AJ$22,'Daily Seagate'!$A$9:$A$22,Jun.26!E22,'Daily Seagate'!$B$9:$B$22,Jun.26!F22) -> 0 | H22: =SUMIFS('Daily Seagate'!$AK$9:$AK$22,'Daily Seagate'!$A$9:$A$22,Jun.26!E22,'Daily Seagate'!$B$9:$B$22,Jun.26!F22) -> 0 | I22: =SUMIFS('Daily Seagate'!$AL$9:$AL$22,'Daily Seagate'!$A$9:$A$22,Jun.26!E22,'Daily Seagate'!$B$9:$B$22,Jun.26!F22) -> 0 | J22: =SUMIFS('Daily Seagate'!$AM$9:$AM$22,'Daily Seagate'!$A$9:$A$22,Jun.26!E22,'Daily Seagate'!$B$9:$B$22,Jun.26!F22) -> 0 | K22: =H22/G22 -> #DIV/0! | L22: =IF(K22>1,"Achieved","Unachieved") -> #DIV/0!
A23: 2026 | B23: JUN | C23: BIT | D23: HDD | E23: =_xlfn.XLOOKUP(F23,'Daily Belton'!B:B,'Daily Belton'!C:C) -> H19(110ton) | F23: Flex Bracket Sydney-F M1 | G23: =SUMIFS('Daily Belton'!$AJ$9:$AJ$64,'Daily Belton'!$A$9:$A$64,Jun.26!E23,'Daily Belton'!$B$9:$B$64,Jun.26!F23) -> 600000 | H23: =SUMIFS('Daily Belton'!$AK$9:$AK$64,'Daily Belton'!$A$9:$A$64,Jun.26!E23,'Daily Belton'!$B$9:$B$64,Jun.26!F23) -> 612900 | I23: =SUMIFS('Daily Belton'!$AL$9:$AL$64,'Daily Belton'!$A$9:$A$64,Jun.26!E23,'Daily Belton'!$B$9:$B$64,Jun.26!F23) -> 2069460 | J23: =SUMIFS('Daily Belton'!$AM$9:$AM$64,'Daily Belton'!$A$9:$A$64,Jun.26!E23,'Daily Belton'!$B$9:$B$64,Jun.26!F23) -> 2113953.4 | K23: =H23/G23 -> 1.0215 | L23: =IF(K23>1,"Achieved","Unachieved") -> Achieved
A24: 2026 | B24: JUN | C24: BIT | D24: HDD | E24: =_xlfn.XLOOKUP(F24,'Daily Belton'!B:B,'Daily Belton'!C:C) -> H18(110ton) | F24: Flex Bracket Sydney-E M2 | G24: =SUMIFS('Daily Belton'!$AJ$9:$AJ$64,'Daily Belton'!$A$9:$A$64,Jun.26!E24,'Daily Belton'!$B$9:$B$64,Jun.26!F24) -> 0 | H24: =SUMIFS('Daily Belton'!$AK$9:$AK$64,'Daily Belton'!$A$9:$A$64,Jun.26!E24,'Daily Belton'!$B$9:$B$64,Jun.26!F24) -> 0 | I24: =SUMIFS('Daily Belton'!$AL$9:$AL$64,'Daily Belton'!$A$9:$A$64,Jun.26!E24,'Daily Belton'!$B$9:$B$64,Jun.26!F24) -> 0 | J24: =SUMIFS('Daily Belton'!$AM$9:$AM$64,'Daily Belton'!$A$9:$A$64,Jun.26!E24,'Daily Belton'!$B$9:$B$64,Jun.26!F24) -> 0 | K24: =H24/G24 -> #DIV/0! | L24: =IF(K24>1,"Achieved","Unachieved") -> #DIV/0!
A25: 2026 | B25: JUN | C25: BIT / FECL | D25: HDD | E25: =_xlfn.XLOOKUP(F25,'Daily Belton'!B:B,'Daily Belton'!C:C) -> A1(75ton) | F25: Tail Receiver Paris-C M3 | G25: =SUMIFS('Daily Belton'!$AJ$9:$AJ$64,'Daily Belton'!$A$9:$A$64,Jun.26!E25,'Daily Belton'!$B$9:$B$64,Jun.26!F25) -> 0 | H25: =SUMIFS('Daily Belton'!$AK$9:$AK$64,'Daily Belton'!$A$9:$A$64,Jun.26!E25,'Daily Belton'!$B$9:$B$64,Jun.26!F25) -> 0 | I25: =SUMIFS('Daily Belton'!$AL$9:$AL$64,'Daily Belton'!$A$9:$A$64,Jun.26!E25,'Daily Belton'!$B$9:$B$64,Jun.26!F25) -> 0 | J25: =SUMIFS('Daily Belton'!$AM$9:$AM$64,'Daily Belton'!$A$9:$A$64,Jun.26!E25,'Daily Belton'!$B$9:$B$64,Jun.26!F25) -> 0 | K25: =H25/G25 -> #DIV/0! | L25: =IF(K25>1,"Achieved","Unachieved") -> #DIV/0!
A26: 2026 | B26: JUN | C26: BIT / FECL | D26: HDD | E26: =_xlfn.XLOOKUP(F26,'Daily Belton'!B:B,'Daily Belton'!C:C) -> A1(75ton) | F26: Tail Receiver LDS M2 | G26: =SUMIFS('Daily Belton'!$AJ$9:$AJ$64,'Daily Belton'!$A$9:$A$64,Jun.26!E26,'Daily Belton'!$B$9:$B$64,Jun.26!F26) -> 300000 | H26: =SUMIFS('Daily Belton'!$AK$9:$AK$64,'Daily Belton'!$A$9:$A$64,Jun.26!E26,'Daily Belton'!$B$9:$B$64,Jun.26!F26) -> 301800 | I26: =SUMIFS('Daily Belton'!$AL$9:$AL$64,'Daily Belton'!$A$9:$A$64,Jun.26!E26,'Daily Belton'!$B$9:$B$64,Jun.26!F26) -> 493026 | J26: =SUMIFS('Daily Belton'!$AM$9:$AM$64,'Daily Belton'!$A$9:$A$64,Jun.26!E26,'Daily Belton'!$B$9:$B$64,Jun.26!F26) -> 495984.16 | K26: =H26/G26 -> 1.006 | L26: =IF(K26>1,"Achieved","Unachieved") -> Achieved
A27: 2026 | B27: JUN | C27: FECL | D27: HDD | E27: =_xlfn.XLOOKUP(F27,'Daily Fujikura'!B:B,'Daily Fujikura'!C:C) -> A3(50Ton) | F27: TYJ BOBBIN M1 | G27: =SUMIFS('Daily Fujikura'!$AJ$9:$AJ$50,'Daily Fujikura'!$A$9:$A$50,Jun.26!E27,'Daily Fujikura'!$B$9:$B$50,Jun.26!F27) -> 0 | H27: =SUMIFS('Daily Fujikura'!$AK$9:$AK$50,'Daily Fujikura'!$A$9:$A$50,Jun.26!E27,'Daily Fujikura'!$B$9:$B$50,Jun.26!F27) -> 0 | I27: =SUMIFS('Daily Fujikura'!$AL$9:$AL$50,'Daily Fujikura'!$A$9:$A$50,Jun.26!E27,'Daily Fujikura'!$B$9:$B$50,Jun.26!F27) -> 0 | J27: =SUMIFS('Daily Fujikura'!$AM$9:$AM$50,'Daily Fujikura'!$A$9:$A$50,Jun.26!E27,'Daily Fujikura'!$B$9:$B$50,Jun.26!F27) -> 0 | K27: =H27/G27 -> #DIV/0! | L27: =IF(K27>1,"Achieved","Unachieved") -> #DIV/0!
A28: 2026 | B28: JUN | C28: FECL | D28: HDD | E28: =_xlfn.XLOOKUP(F28,'Daily Fujikura'!B:B,'Daily Fujikura'!C:C) -> A4(40ton) | F28: TYU Bobbin (New material) M1 | G28: =SUMIFS('Daily Fujikura'!$AJ$9:$AJ$50,'Daily Fujikura'!$A$9:$A$50,Jun.26!E28,'Daily Fujikura'!$B$9:$B$50,Jun.26!F28) -> 250000 | H28: =SUMIFS('Daily Fujikura'!$AK$9:$AK$50,'Daily Fujikura'!$A$9:$A$50,Jun.26!E28,'Daily Fujikura'!$B$9:$B$50,Jun.26!F28) -> 228000 | I28: =SUMIFS('Daily Fujikura'!$AL$9:$AL$50,'Daily Fujikura'!$A$9:$A$50,Jun.26!E28,'Daily Fujikura'!$B$9:$B$50,Jun.26!F28) -> 699107.5 | J28: =SUMIFS('Daily Fujikura'!$AM$9:$AM$50,'Daily Fujikura'!$A$9:$A$50,Jun.26!E28,'Daily Fujikura'!$B$9:$B$50,Jun.26!F28) -> 637586.04 | K28: =H28/G28 -> 0.912 | L28: =IF(K28>1,"Achieved","Unachieved") -> Unachieved
A29: 2026 | B29: JUN | C29: FECL | D29: HDD | E29: =_xlfn.XLOOKUP(F29,'Daily Fujikura'!B:B,'Daily Fujikura'!C:C) -> A4(40ton) | F29: TYX BOBBIN(B) M1 | G29: =SUMIFS('Daily Fujikura'!$AJ$9:$AJ$50,'Daily Fujikura'!$A$9:$A$50,Jun.26!E29,'Daily Fujikura'!$B$9:$B$50,Jun.26!F29) -> 0 | H29: =SUMIFS('Daily Fujikura'!$AK$9:$AK$50,'Daily Fujikura'!$A$9:$A$50,Jun.26!E29,'Daily Fujikura'!$B$9:$B$50,Jun.26!F29) -> 24000 | I29: =SUMIFS('Daily Fujikura'!$AL$9:$AL$50,'Daily Fujikura'!$A$9:$A$50,Jun.26!E29,'Daily Fujikura'!$B$9:$B$50,Jun.26!F29) -> 0 | J29: =SUMIFS('Daily Fujikura'!$AM$9:$AM$50,'Daily Fujikura'!$A$9:$A$50,Jun.26!E29,'Daily Fujikura'!$B$9:$B$50,Jun.26!F29) -> 73741.44 | K29: =H29/G29 -> #DIV/0! | L29: =IF(K29>1,"Achieved","Unachieved") -> #DIV/0!
A30: 2026 | B30: JUN | C30: WDC | D30: RAMP | E30: =_xlfn.XLOOKUP(F30,'Daily Ramp'!B:B,'Daily Ramp'!C:C) -> R1(75*75ton) | F30: Ramp VL6, 4D (Vela-A) M1 | G30: =SUMIFS('Daily Ramp'!$AJ$8:$AJ$519,'Daily Ramp'!$A$8:$A$519,Jun.26!E30,'Daily Ramp'!$B$8:$B$519,Jun.26!F30) -> 0 | H30: =SUMIFS('Daily Ramp'!$AK$8:$AK$519,'Daily Ramp'!$A$8:$A$519,Jun.26!E30,'Daily Ramp'!$B$8:$B$519,Jun.26!F30) -> 0 | I30: =SUMIFS('Daily Ramp'!$AL$8:$AL$519,'Daily Ramp'!$A$8:$A$519,Jun.26!E30,'Daily Ramp'!$B$8:$B$519,Jun.26!F30) -> 0 | J30: =SUMIFS('Daily Ramp'!$AM$8:$AM$519,'Daily Ramp'!$A$8:$A$519,Jun.26!E30,'Daily Ramp'!$B$8:$B$519,Jun.26!F30) -> 0 | K30: =H30/G30 -> #DIV/0! | L30: =IF(K30>1,"Achieved","Unachieved") -> #DIV/0!
A31: 2026 | B31: JUN | C31: WDC | D31: RAMP | E31: =_xlfn.XLOOKUP(F31,'Daily Ramp'!B:B,'Daily Ramp'!C:C) -> R2(18ton) | F31: Ramp Paris-D M2 | G31: =SUMIFS('Daily Ramp'!$AJ$8:$AJ$519,'Daily Ramp'!$A$8:$A$519,Jun.26!E31,'Daily Ramp'!$B$8:$B$519,Jun.26!F31) -> 300000 | H31: =SUMIFS('Daily Ramp'!$AK$8:$AK$519,'Daily Ramp'!$A$8:$A$519,Jun.26!E31,'Daily Ramp'!$B$8:$B$519,Jun.26!F31) -> 98280 | I31: =SUMIFS('Daily Ramp'!$AL$8:$AL$519,'Daily Ramp'!$A$8:$A$519,Jun.26!E31,'Daily Ramp'!$B$8:$B$519,Jun.26!F31) -> 1614579 | J31: =SUMIFS('Daily Ramp'!$AM$8:$AM$519,'Daily Ramp'!$A$8:$A$519,Jun.26!E31,'Daily Ramp'!$B$8:$B$519,Jun.26!F31) -> 528936.08 | K31: =H31/G31 -> 0.3276 | L31: =IF(K31>1,"Achieved","Unachieved") -> Unachieved
A32: 2026 | B32: JUN | C32: WDC | D32: RAMP | E32: =_xlfn.XLOOKUP(F32,'Daily Ramp'!B:B,'Daily Ramp'!C:C) -> R3(18ton) | F32: Ramp Tressels M3 (RD450) | G32: =SUMIFS('Daily Ramp'!$AJ$8:$AJ$519,'Daily Ramp'!$A$8:$A$519,Jun.26!E32,'Daily Ramp'!$B$8:$B$519,Jun.26!F32) -> 0 | H32: =SUMIFS('Daily Ramp'!$AK$8:$AK$519,'Daily Ramp'!$A$8:$A$519,Jun.26!E32,'Daily Ramp'!$B$8:$B$519,Jun.26!F32) -> 0 | I32: =SUMIFS('Daily Ramp'!$AL$8:$AL$519,'Daily Ramp'!$A$8:$A$519,Jun.26!E32,'Daily Ramp'!$B$8:$B$519,Jun.26!F32) -> 0 | J32: =SUMIFS('Daily Ramp'!$AM$8:$AM$519,'Daily Ramp'!$A$8:$A$519,Jun.26!E32,'Daily Ramp'!$B$8:$B$519,Jun.26!F32) -> 0 | K32: =H32/G32 -> #DIV/0! | L32: =IF(K32>1,"Achieved","Unachieved") -> #DIV/0!
A33: 2026 | B33: JUN | C33: WDC | D33: RAMP | E33: =_xlfn.XLOOKUP(F33,'Daily Ramp'!B:B,'Daily Ramp'!C:C) -> R4(18ton) | F33: Ramp Tressels M4 (RD450) | G33: =SUMIFS('Daily Ramp'!$AJ$8:$AJ$519,'Daily Ramp'!$A$8:$A$519,Jun.26!E33,'Daily Ramp'!$B$8:$B$519,Jun.26!F33) -> 0 | H33: =SUMIFS('Daily Ramp'!$AK$8:$AK$519,'Daily Ramp'!$A$8:$A$519,Jun.26!E33,'Daily Ramp'!$B$8:$B$519,Jun.26!F33) -> 0 | I33: =SUMIFS('Daily Ramp'!$AL$8:$AL$519,'Daily Ramp'!$A$8:$A$519,Jun.26!E33,'Daily Ramp'!$B$8:$B$519,Jun.26!F33) -> 0 | J33: =SUMIFS('Daily Ramp'!$AM$8:$AM$519,'Daily Ramp'!$A$8:$A$519,Jun.26!E33,'Daily Ramp'!$B$8:$B$519,Jun.26!F33) -> 0 | K33: =H33/G33 -> #DIV/0! | L33: =IF(K33>1,"Achieved","Unachieved") -> #DIV/0!
A34: 2026 | B34: JUN | C34: WDC | D34: RAMP | E34: =_xlfn.XLOOKUP(F34,'Daily Ramp'!B:B,'Daily Ramp'!C:C) -> R5(18ton) | F34: Ramp Laguna97/Carmel M1 | G34: =SUMIFS('Daily Ramp'!$AJ$8:$AJ$519,'Daily Ramp'!$A$8:$A$519,Jun.26!E34,'Daily Ramp'!$B$8:$B$519,Jun.26!F34) -> 0 | H34: =SUMIFS('Daily Ramp'!$AK$8:$AK$519,'Daily Ramp'!$A$8:$A$519,Jun.26!E34,'Daily Ramp'!$B$8:$B$519,Jun.26!F34) -> 0 | I34: =SUMIFS('Daily Ramp'!$AL$8:$AL$519,'Daily Ramp'!$A$8:$A$519,Jun.26!E34,'Daily Ramp'!$B$8:$B$519,Jun.26!F34) -> 0 | J34: =SUMIFS('Daily Ramp'!$AM$8:$AM$519,'Daily Ramp'!$A$8:$A$519,Jun.26!E34,'Daily Ramp'!$B$8:$B$519,Jun.26!F34) -> 0 | K34: =H34/G34 -> #DIV/0! | L34: =IF(K34>1,"Achieved","Unachieved") -> #DIV/0!
A35: 2026 | B35: JUN | C35: WDC | D35: RAMP | E35: =_xlfn.XLOOKUP(F35,'Daily Ramp'!B:B,'Daily Ramp'!C:C) -> R5(18ton) | F35: Ramp Carmel RP M1 | G35: =SUMIFS('Daily Ramp'!$AJ$8:$AJ$519,'Daily Ramp'!$A$8:$A$519,Jun.26!E35,'Daily Ramp'!$B$8:$B$519,Jun.26!F35) -> 456000 | H35: =SUMIFS('Daily Ramp'!$AK$8:$AK$519,'Daily Ramp'!$A$8:$A$519,Jun.26!E35,'Daily Ramp'!$B$8:$B$519,Jun.26!F35) -> 553600 | I35: =SUMIFS('Daily Ramp'!$AL$8:$AL$519,'Daily Ramp'!$A$8:$A$519,Jun.26!E35,'Daily Ramp'!$B$8:$B$519,Jun.26!F35) -> 1683907.7 | J35: =SUMIFS('Daily Ramp'!$AM$8:$AM$519,'Daily Ramp'!$A$8:$A$519,Jun.26!E35,'Daily Ramp'!$B$8:$B$519,Jun.26!F35) -> 2044323 | K35: =H35/G35 -> 1.2140351 | L35: =IF(K35>1,"Achieved","Unachieved") -> Achieved
A36: 2026 | B36: JUN | C36: WDC | D36: RAMP | E36: =_xlfn.XLOOKUP(F36,'Daily Ramp'!B:B,'Daily Ramp'!C:C) -> R16(18 ton) | F36: Ramp Carmel RP M2 | G36: =SUMIFS('Daily Ramp'!$AJ$8:$AJ$519,'Daily Ramp'!$A$8:$A$519,Jun.26!E36,'Daily Ramp'!$B$8:$B$519,Jun.26!F36) -> 344000 | H36: =SUMIFS('Daily Ramp'!$AK$8:$AK$519,'Daily Ramp'!$A$8:$A$519,Jun.26!E36,'Daily Ramp'!$B$8:$B$519,Jun.26!F36) -> 465600 | I36: =SUMIFS('Daily Ramp'!$AL$8:$AL$519,'Daily Ramp'!$A$8:$A$519,Jun.26!E36,'Daily Ramp'!$B$8:$B$519,Jun.26!F36) -> 1270316.3 | J36: =SUMIFS('Daily Ramp'!$AM$8:$AM$519,'Daily Ramp'!$A$8:$A$519,Jun.26!E36,'Daily Ramp'!$B$8:$B$519,Jun.26!F36) -> 1719358.4 | K36: =H36/G36 -> 1.3534884 | L36: =IF(K36>1,"Achieved","Unachieved") -> Achieved
A37: 2026 | B37: JUN | C37: WDC | D37: RAMP | E37: =_xlfn.XLOOKUP(F37,'Daily Ramp'!B:B,'Daily Ramp'!C:C) -> R6(18ton) | F37: Ramp Fblite M2 | G37: =SUMIFS('Daily Ramp'!$AJ$8:$AJ$519,'Daily Ramp'!$A$8:$A$519,Jun.26!E37,'Daily Ramp'!$B$8:$B$519,Jun.26!F37) -> 0 | H37: =SUMIFS('Daily Ramp'!$AK$8:$AK$519,'Daily Ramp'!$A$8:$A$519,Jun.26!E37,'Daily Ramp'!$B$8:$B$519,Jun.26!F37) -> 0 | I37: =SUMIFS('Daily Ramp'!$AL$8:$AL$519,'Daily Ramp'!$A$8:$A$519,Jun.26!E37,'Daily Ramp'!$B$8:$B$519,Jun.26!F37) -> 0 | J37: =SUMIFS('Daily Ramp'!$AM$8:$AM$519,'Daily Ramp'!$A$8:$A$519,Jun.26!E37,'Daily Ramp'!$B$8:$B$519,Jun.26!F37) -> 0 | K37: =H37/G37 -> #DIV/0! | L37: =IF(K37>1,"Achieved","Unachieved") -> #DIV/0!
A38: 2026 | B38: JUN | C38: WDC | D38: RAMP | E38: =_xlfn.XLOOKUP(F38,'Daily Ramp'!B:B,'Daily Ramp'!C:C) -> R7(75*75ton) | F38: Ramp, Spoiler - Dual shot Carmel 2D M1 | G38: =SUMIFS('Daily Ramp'!$AJ$8:$AJ$519,'Daily Ramp'!$A$8:$A$519,Jun.26!E38,'Daily Ramp'!$B$8:$B$519,Jun.26!F38) -> 150000 | H38: =SUMIFS('Daily Ramp'!$AK$8:$AK$519,'Daily Ramp'!$A$8:$A$519,Jun.26!E38,'Daily Ramp'!$B$8:$B$519,Jun.26!F38) -> 158720 | I38: =SUMIFS('Daily Ramp'!$AL$8:$AL$519,'Daily Ramp'!$A$8:$A$519,Jun.26!E38,'Daily Ramp'!$B$8:$B$519,Jun.26!F38) -> 556983 | J38: =SUMIFS('Daily Ramp'!$AM$8:$AM$519,'Daily Ramp'!$A$8:$A$519,Jun.26!E38,'Daily Ramp'!$B$8:$B$519,Jun.26!F38) -> 589362.28 | K38: =H38/G38 -> 1.0581333 | L38: =IF(K38>1,"Achieved","Unachieved") -> Achieved
A39: 2026 | B39: JUN | C39: WDC | D39: RAMP | E39: =_xlfn.XLOOKUP(F39,'Daily Ramp'!B:B,'Daily Ramp'!C:C) -> R8(18ton) | F39: Ramp Spyglass M2 | G39: =SUMIFS('Daily Ramp'!$AJ$8:$AJ$519,'Daily Ramp'!$A$8:$A$519,Jun.26!E39,'Daily Ramp'!$B$8:$B$519,Jun.26!F39) -> 150000 | H39: =SUMIFS('Daily Ramp'!$AK$8:$AK$519,'Daily Ramp'!$A$8:$A$519,Jun.26!E39,'Daily Ramp'!$B$8:$B$519,Jun.26!F39) -> 439200 | I39: =SUMIFS('Daily Ramp'!$AL$8:$AL$519,'Daily Ramp'!$A$8:$A$519,Jun.26!E39,'Daily Ramp'!$B$8:$B$519,Jun.26!F39) -> 658773 | J39: =SUMIFS('Daily Ramp'!$AM$8:$AM$519,'Daily Ramp'!$A$8:$A$519,Jun.26!E39,'Daily Ramp'!$B$8:$B$519,Jun.26!F39) -> 1928887.3 | K39: =H39/G39 -> 2.928 | L39: =IF(K39>1,"Achieved","Unachieved") -> Achieved
A40: 2026 | B40: JUN | C40: WDC | D40: RAMP | E40: =_xlfn.XLOOKUP(F40,'Daily Ramp'!B:B,'Daily Ramp'!C:C) -> R9(18ton) | F40: Ramp London-D M4 (Nominal) | G40: =SUMIFS('Daily Ramp'!$AJ$8:$AJ$519,'Daily Ramp'!$A$8:$A$519,Jun.26!E40,'Daily Ramp'!$B$8:$B$519,Jun.26!F40) -> 100000 | H40: =SUMIFS('Daily Ramp'!$AK$8:$AK$519,'Daily Ramp'!$A$8:$A$519,Jun.26!E40,'Daily Ramp'!$B$8:$B$519,Jun.26!F40) -> 0 | I40: =SUMIFS('Daily Ramp'!$AL$8:$AL$519,'Daily Ramp'!$A$8:$A$519,Jun.26!E40,'Daily Ramp'!$B$8:$B$519,Jun.26!F40) -> 586918 | J40: =SUMIFS('Daily Ramp'!$AM$8:$AM$519,'Daily Ramp'!$A$8:$A$519,Jun.26!E40,'Daily Ramp'!$B$8:$B$519,Jun.26!F40) -> 0 | K40: =H40/G40 -> 0 | L40: =IF(K40>1,"Achieved","Unachieved") -> Unachieved
A41: 2026 | B41: JUN | C41: WDC | D41: RAMP | E41: =_xlfn.XLOOKUP(F41,'Daily Ramp'!B:B,'Daily Ramp'!C:C) -> R9(18ton) | F41: Ramp London-D M4 (High) | G41: =SUMIFS('Daily Ramp'!$AJ$8:$AJ$519,'Daily Ramp'!$A$8:$A$519,Jun.26!E41,'Daily Ramp'!$B$8:$B$519,Jun.26!F41) -> 0 | H41: =SUMIFS('Daily Ramp'!$AK$8:$AK$519,'Daily Ramp'!$A$8:$A$519,Jun.26!E41,'Daily Ramp'!$B$8:$B$519,Jun.26!F41) -> 0 | I41: =SUMIFS('Daily Ramp'!$AL$8:$AL$519,'Daily Ramp'!$A$8:$A$519,Jun.26!E41,'Daily Ramp'!$B$8:$B$519,Jun.26!F41) -> 0 | J41: =SUMIFS('Daily Ramp'!$AM$8:$AM$519,'Daily Ramp'!$A$8:$A$519,Jun.26!E41,'Daily Ramp'!$B$8:$B$519,Jun.26!F41) -> 0 | K41: =H41/G41 -> #DIV/0! | L41: =IF(K41>1,"Achieved","Unachieved") -> #DIV/0!
... A60: 2026 | B60: JUN | C60: WDC | D60: RAMP | E60: =_xlfn.XLOOKUP(F60,'Daily Ramp'!B:B,'Daily Ramp'!C:C) -> R24(50ton) | F60: Ramp Sydney-E M4 (Nominal) | G60: =SUMIFS('Daily Ramp'!$AJ$8:$AJ$519,'Daily Ramp'!$A$8:$A$519,Jun.26!E60,'Daily Ramp'!$B$8:$B$519,Jun.26!F60) -> 100000 | H60: =SUMIFS('Daily Ramp'!$AK$8:$AK$519,'Daily Ramp'!$A$8:$A$519,Jun.26!E60,'Daily Ramp'!$B$8:$B$519,Jun.26!F60) -> 15300 | I60: =SUMIFS('Daily Ramp'!$AL$8:$AL$519,'Daily Ramp'!$A$8:$A$519,Jun.26!E60,'Daily Ramp'!$B$8:$B$519,Jun.26!F60) -> 686772 | J60: =SUMIFS('Daily Ramp'!$AM$8:$AM$519,'Daily Ramp'!$A$8:$A$519,Jun.26!E60,'Daily Ramp'!$B$8:$B$519,Jun.26!F60) -> 105076.12 | K60: =H60/G60 -> 0.153 | L60: =IF(K60>1,"Achieved","Unachieved") -> Unachieved
A61: 2026 | B61: JUN | C61: ADVICS | D61: AUTO | E61: =_xlfn.XLOOKUP(F61,'Daily Advics'!B:B,'Daily Advics'!C:C) -> A3(50Ton) | F61: RING , FEED M1 | G61: =SUMIFS('Daily Advics'!$AJ$9:$AJ$78,'Daily Advics'!$A$9:$A$78,Jun.26!E61,'Daily Advics'!$B$9:$B$78,Jun.26!F61) -> 0 | H61: =SUMIFS('Daily Advics'!$AK$9:$AK$78,'Daily Advics'!$A$9:$A$78,Jun.26!E61,'Daily Advics'!$B$9:$B$78,Jun.26!F61) -> 0 | I61: =SUMIFS('Daily Advics'!$AL$9:$AL$78,'Daily Advics'!$A$9:$A$78,Jun.26!E61,'Daily Advics'!$B$9:$B$78,Jun.26!F61) -> 0 | J61: =SUMIFS('Daily Advics'!$AM$9:$AM$78,'Daily Advics'!$A$9:$A$78,Jun.26!E61,'Daily Advics'!$B$9:$B$78,Jun.26!F61) -> 0 | K61: =H61/G61 -> #DIV/0! | L61: =IF(K61>1,"Achieved","Unachieved") -> #DIV/0!
A62: 2026 | B62: JUN | C62: ADVICS | D62: AUTO | E62: =_xlfn.XLOOKUP(F62,'Daily Advics'!B:B,'Daily Advics'!C:C) -> A15(50Ton) | F62: CYLINDER , PUMP M1 | G62: =SUMIFS('Daily Advics'!$AJ$9:$AJ$78,'Daily Advics'!$A$9:$A$78,Jun.26!E62,'Daily Advics'!$B$9:$B$78,Jun.26!F62) -> 0 | H62: =SUMIFS('Daily Advics'!$AK$9:$AK$78,'Daily Advics'!$A$9:$A$78,Jun.26!E62,'Daily Advics'!$B$9:$B$78,Jun.26!F62) -> 0 | I62: =SUMIFS('Daily Advics'!$AL$9:$AL$78,'Daily Advics'!$A$9:$A$78,Jun.26!E62,'Daily Advics'!$B$9:$B$78,Jun.26!F62) -> 0 | J62: =SUMIFS('Daily Advics'!$AM$9:$AM$78,'Daily Advics'!$A$9:$A$78,Jun.26!E62,'Daily Advics'!$B$9:$B$78,Jun.26!F62) -> 0 | K62: =H62/G62 -> #DIV/0! | L62: =IF(K62>1,"Achieved","Unachieved") -> #DIV/0!
A63: 2026 | B63: JUN | C63: ADVICS | D63: AUTO | E63: =_xlfn.XLOOKUP(F63,'Daily Advics'!B:B,'Daily Advics'!C:C) -> A15(50Ton) | F63: RETAINER , INLET VALVE M2 | G63: =SUMIFS('Daily Advics'!$AJ$9:$AJ$78,'Daily Advics'!$A$9:$A$78,Jun.26!E63,'Daily Advics'!$B$9:$B$78,Jun.26!F63) -> 350000 | H63: =SUMIFS('Daily Advics'!$AK$9:$AK$78,'Daily Advics'!$A$9:$A$78,Jun.26!E63,'Daily Advics'!$B$9:$B$78,Jun.26!F63) -> 406800 | I63: =SUMIFS('Daily Advics'!$AL$9:$AL$78,'Daily Advics'!$A$9:$A$78,Jun.26!E63,'Daily Advics'!$B$9:$B$78,Jun.26!F63) -> 719456.5 | J63: =SUMIFS('Daily Advics'!$AM$9:$AM$78,'Daily Advics'!$A$9:$A$78,Jun.26!E63,'Daily Advics'!$B$9:$B$78,Jun.26!F63) -> 836214.01 | K63: =H63/G63 -> 1.1622857 | L63: =IF(K63>1,"Achieved","Unachieved") -> Achieved
A64: 2026 | B64: JUN | C64: TRT | D64: AUTO | E64: =_xlfn.XLOOKUP(F64,'Daily TRT '!B:B,'Daily TRT '!C:C) -> A4(40ton) | F64: Connector M1 | G64: =SUMIFS('Daily TRT '!$AJ$9:$AJ$236,'Daily TRT '!$A$9:$A$236,Jun.26!E64,'Daily TRT '!$B$9:$B$236,Jun.26!F64) -> 0 | H64: =SUMIFS('Daily TRT '!$AK$9:$AK$236,'Daily TRT '!$A$9:$A$236,Jun.26!E64,'Daily TRT '!$B$9:$B$236,Jun.26!F64) -> 0 | I64: =SUMIFS('Daily TRT '!$AL$9:$AL$236,'Daily TRT '!$A$9:$A$236,Jun.26!E64,'Daily TRT '!$B$9:$B$236,Jun.26!F64) -> 0 | J64: =SUMIFS('Daily TRT '!$AM$9:$AM$236,'Daily TRT '!$A$9:$A$236,Jun.26!E64,'Daily TRT '!$B$9:$B$236,Jun.26!F64) -> 0 | K64: =H64/G64 -> #DIV/0! | L64: =IF(K64>1,"Achieved","Unachieved") -> #DIV/0!
A65: 2026 | B65: JUN | C65: TRT | D65: AUTO | E65: =_xlfn.XLOOKUP(F65,'Daily TRT '!B:B,'Daily TRT '!C:C) -> A5(50ton) | F65: LIGHT GUIDE M2 | G65: =SUMIFS('Daily TRT '!$AJ$9:$AJ$236,'Daily TRT '!$A$9:$A$236,Jun.26!E65,'Daily TRT '!$B$9:$B$236,Jun.26!F65) -> 0 | H65: =SUMIFS('Daily TRT '!$AK$9:$AK$236,'Daily TRT '!$A$9:$A$236,Jun.26!E65,'Daily TRT '!$B$9:$B$236,Jun.26!F65) -> 0 | I65: =SUMIFS('Daily TRT '!$AL$9:$AL$236,'Daily TRT '!$A$9:$A$236,Jun.26!E65,'Daily TRT '!$B$9:$B$236,Jun.26!F65) -> 0 | J65: =SUMIFS('Daily TRT '!$AM$9:$AM$236,'Daily TRT '!$A$9:$A$236,Jun.26!E65,'Daily TRT '!$B$9:$B$236,Jun.26!F65) -> 0 | K65: =H65/G65 -> #DIV/0! | L65: =IF(K65>1,"Achieved","Unachieved") -> #DIV/0!
A66: 2026 | B66: JUN | C66: TRT | D66: AUTO | E66: =_xlfn.XLOOKUP(F66,'Daily TRT '!B:B,'Daily TRT '!C:C) -> A5(50ton) | F66: LENS PUSH (355W) | G66: =SUMIFS('Daily TRT '!$AJ$9:$AJ$236,'Daily TRT '!$A$9:$A$236,Jun.26!E66,'Daily TRT '!$B$9:$B$236,Jun.26!F66) -> 0 | H66: =SUMIFS('Daily TRT '!$AK$9:$AK$236,'Daily TRT '!$A$9:$A$236,Jun.26!E66,'Daily TRT '!$B$9:$B$236,Jun.26!F66) -> 0 | I66: =SUMIFS('Daily TRT '!$AL$9:$AL$236,'Daily TRT '!$A$9:$A$236,Jun.26!E66,'Daily TRT '!$B$9:$B$236,Jun.26!F66) -> 0 | J66: =SUMIFS('Daily TRT '!$AM$9:$AM$236,'Daily TRT '!$A$9:$A$236,Jun.26!E66,'Daily TRT '!$B$9:$B$236,Jun.26!F66) -> 0 | K66: =H66/G66 -> #DIV/0! | L66: =IF(K66>1,"Achieved","Unachieved") -> #DIV/0!
A67: 2026 | B67: JUN | C67: TRT | D67: AUTO | E67: =_xlfn.XLOOKUP(F67,'Daily TRT '!B:B,'Daily TRT '!C:C) -> A5(50ton) | F67: LENS (D40D) (Natural) | G67: =SUMIFS('Daily TRT '!$AJ$9:$AJ$236,'Daily TRT '!$A$9:$A$236,Jun.26!E67,'Daily TRT '!$B$9:$B$236,Jun.26!F67) -> 0 | H67: =SUMIFS('Daily TRT '!$AK$9:$AK$236,'Daily TRT '!$A$9:$A$236,Jun.26!E67,'Daily TRT '!$B$9:$B$236,Jun.26!F67) -> 0 | I67: =SUMIFS('Daily TRT '!$AL$9:$AL$236,'Daily TRT '!$A$9:$A$236,Jun.26!E67,'Daily TRT '!$B$9:$B$236,Jun.26!F67) -> 0 | J67: =SUMIFS('Daily TRT '!$AM$9:$AM$236,'Daily TRT '!$A$9:$A$236,Jun.26!E67,'Daily TRT '!$B$9:$B$236,Jun.26!F67) -> 0 | K67: =H67/G67 -> #DIV/0! | L67: =IF(K67>1,"Achieved","Unachieved") -> #DIV/0!
A68: 2026 | B68: JUN | C68: TRT | D68: AUTO | E68: =_xlfn.XLOOKUP(F68,'Daily TRT '!B:B,'Daily TRT '!C:C) -> A4(40ton) | F68: PUSHER W/L (RT50) | G68: =SUMIFS('Daily TRT '!$AJ$9:$AJ$236,'Daily TRT '!$A$9:$A$236,Jun.26!E68,'Daily TRT '!$B$9:$B$236,Jun.26!F68) -> 0 | H68: =SUMIFS('Daily TRT '!$AK$9:$AK$236,'Daily TRT '!$A$9:$A$236,Jun.26!E68,'Daily TRT '!$B$9:$B$236,Jun.26!F68) -> 0 | I68: =SUMIFS('Daily TRT '!$AL$9:$AL$236,'Daily TRT '!$A$9:$A$236,Jun.26!E68,'Daily TRT '!$B$9:$B$236,Jun.26!F68) -> 0 | J68: =SUMIFS('Daily TRT '!$AM$9:$AM$236,'Daily TRT '!$A$9:$A$236,Jun.26!E68,'Daily TRT '!$B$9:$B$236,Jun.26!F68) -> 0 | K68: =H68/G68 -> #DIV/0! | L68: =IF(K68>1,"Achieved","Unachieved") -> #DIV/0!
A69: 2026 | B69: JUN | C69: TRT | D69: AUTO | E69: =_xlfn.XLOOKUP(F69,'Daily TRT '!B:B,'Daily TRT '!C:C) -> A7(80ton) | F69: KNOB ROTARY (D40D) | G69: =SUMIFS('Daily TRT '!$AJ$9:$AJ$236,'Daily TRT '!$A$9:$A$236,Jun.26!E69,'Daily TRT '!$B$9:$B$236,Jun.26!F69) -> 0 | H69: =SUMIFS('Daily TRT '!$AK$9:$AK$236,'Daily TRT '!$A$9:$A$236,Jun.26!E69,'Daily TRT '!$B$9:$B$236,Jun.26!F69) -> 0 | I69: =SUMIFS('Daily TRT '!$AL$9:$AL$236,'Daily TRT '!$A$9:$A$236,Jun.26!E69,'Daily TRT '!$B$9:$B$236,Jun.26!F69) -> 0 | J69: =SUMIFS('Daily TRT '!$AM$9:$AM$236,'Daily TRT '!$A$9:$A$236,Jun.26!E69,'Daily TRT '!$B$9:$B$236,Jun.26!F69) -> 0 | K69: =H69/G69 -> #DIV/0! | L69: =IF(K69>1,"Achieved","Unachieved") -> #DIV/0!
A70: 2026 | B70: JUN | C70: TRT | D70: AUTO | E70: =_xlfn.XLOOKUP(F70,'Daily TRT '!B:B,'Daily TRT '!C:C) -> A7(80ton) | F70: KNOB ROTARY M2 | G70: =SUMIFS('Daily TRT '!$AJ$9:$AJ$236,'Daily TRT '!$A$9:$A$236,Jun.26!E70,'Daily TRT '!$B$9:$B$236,Jun.26!F70) -> 0 | H70: =SUMIFS('Daily TRT '!$AK$9:$AK$236,'Daily TRT '!$A$9:$A$236,Jun.26!E70,'Daily TRT '!$B$9:$B$236,Jun.26!F70) -> 0 | I70: =SUMIFS('Daily TRT '!$AL$9:$AL$236,'Daily TRT '!$A$9:$A$236,Jun.26!E70,'Daily TRT '!$B$9:$B$236,Jun.26!F70) -> 0 | J70: =SUMIFS('Daily TRT '!$AM$9:$AM$236,'Daily TRT '!$A$9:$A$236,Jun.26!E70,'Daily TRT '!$B$9:$B$236,Jun.26!F70) -> 0 | K70: =H70/G70 -> #DIV/0! | L70: =IF(K70>1,"Achieved","Unachieved") -> #DIV/0!
A71: 2026 | B71: JUN | C71: TRT | D71: AUTO | E71: =_xlfn.XLOOKUP(F71,'Daily TRT '!B:B,'Daily TRT '!C:C) -> A7(80ton) | F71: KNOB ROTARY M2 | G71: =SUMIFS('Daily TRT '!$AJ$9:$AJ$236,'Daily TRT '!$A$9:$A$236,Jun.26!E71,'Daily TRT '!$B$9:$B$236,Jun.26!F71) -> 0 | H71: =SUMIFS('Daily TRT '!$AK$9:$AK$236,'Daily TRT '!$A$9:$A$236,Jun.26!E71,'Daily TRT '!$B$9:$B$236,Jun.26!F71) -> 0 | I71: =SUMIFS('Daily TRT '!$AL$9:$AL$236,'Daily TRT '!$A$9:$A$236,Jun.26!E71,'Daily TRT '!$B$9:$B$236,Jun.26!F71) -> 0 | J71: =SUMIFS('Daily TRT '!$AM$9:$AM$236,'Daily TRT '!$A$9:$A$236,Jun.26!E71,'Daily TRT '!$B$9:$B$236,Jun.26!F71) -> 0 | K71: =H71/G71 -> #DIV/0! | L71: =IF(K71>1,"Achieved","Unachieved") -> #DIV/0!
A72: 2026 | B72: JUN | C72: TRT | D72: AUTO | E72: =_xlfn.XLOOKUP(F72,'Daily TRT '!B:B,'Daily TRT '!C:C) -> A7(80ton) | F72: KNOB ROTARY (D40D) | G72: =SUMIFS('Daily TRT '!$AJ$9:$AJ$236,'Daily TRT '!$A$9:$A$236,Jun.26!E72,'Daily TRT '!$B$9:$B$236,Jun.26!F72) -> 0 | H72: =SUMIFS('Daily TRT '!$AK$9:$AK$236,'Daily TRT '!$A$9:$A$236,Jun.26!E72,'Daily TRT '!$B$9:$B$236,Jun.26!F72) -> 0 | I72: =SUMIFS('Daily TRT '!$AL$9:$AL$236,'Daily TRT '!$A$9:$A$236,Jun.26!E72,'Daily TRT '!$B$9:$B$236,Jun.26!F72) -> 0 | J72: =SUMIFS('Daily TRT '!$AM$9:$AM$236,'Daily TRT '!$A$9:$A$236,Jun.26!E72,'Daily TRT '!$B$9:$B$236,Jun.26!F72) -> 0 | K72: =H72/G72 -> #DIV/0! | L72: =IF(K72>1,"Achieved","Unachieved") -> #DIV/0!
A73: 2026 | B73: JUN | C73: TRT | D73: AUTO | E73: =_xlfn.XLOOKUP(F73,'Daily TRT '!B:B,'Daily TRT '!C:C) -> A11(100*100ton) | F73: KNOB RR DEF | G73: =SUMIFS('Daily TRT '!$AJ$9:$AJ$236,'Daily TRT '!$A$9:$A$236,Jun.26!E73,'Daily TRT '!$B$9:$B$236,Jun.26!F73) -> 0 | H73: =SUMIFS('Daily TRT '!$AK$9:$AK$236,'Daily TRT '!$A$9:$A$236,Jun.26!E73,'Daily TRT '!$B$9:$B$236,Jun.26!F73) -> 0 | I73: =SUMIFS('Daily TRT '!$AL$9:$AL$236,'Daily TRT '!$A$9:$A$236,Jun.26!E73,'Daily TRT '!$B$9:$B$236,Jun.26!F73) -> 0 | J73: =SUMIFS('Daily TRT '!$AM$9:$AM$236,'Daily TRT '!$A$9:$A$236,Jun.26!E73,'Daily TRT '!$B$9:$B$236,Jun.26!F73) -> 0 | K73: =H73/G73 -> #DIV/0! | L73: =IF(K73>1,"Achieved","Unachieved") -> #DIV/0!
A74: 2026 | B74: JUN | C74: TRT | D74: AUTO | E74: =_xlfn.XLOOKUP(F74,'Daily TRT '!B:B,'Daily TRT '!C:C) -> A11(100*100ton) | F74: KNOB BLOWER (956L) | G74: =SUMIFS('Daily TRT '!$AJ$9:$AJ$236,'Daily TRT '!$A$9:$A$236,Jun.26!E74,'Daily TRT '!$B$9:$B$236,Jun.26!F74) -> 0 | H74: =SUMIFS('Daily TRT '!$AK$9:$AK$236,'Daily TRT '!$A$9:$A$236,Jun.26!E74,'Daily TRT '!$B$9:$B$236,Jun.26!F74) -> 0 | I74: =SUMIFS('Daily TRT '!$AL$9:$AL$236,'Daily TRT '!$A$9:$A$236,Jun.26!E74,'Daily TRT '!$B$9:$B$236,Jun.26!F74) -> 0 | J74: =SUMIFS('Daily TRT '!$AM$9:$AM$236,'Daily TRT '!$A$9:$A$236,Jun.26!E74,'Daily TRT '!$B$9:$B$236,Jun.26!F74) -> 0 | K74: =H74/G74 -> #DIV/0! | L74: =IF(K74>1,"Achieved","Unachieved") -> #DIV/0!
A75: 2026 | B75: JUN | C75: TRT | D75: AUTO | E75: =_xlfn.XLOOKUP(F75,'Daily TRT '!B:B,'Daily TRT '!C:C) -> A12(50Ton) | F75: INSULATOR CP (800A) | G75: =SUMIFS('Daily TRT '!$AJ$9:$AJ$236,'Daily TRT '!$A$9:$A$236,Jun.26!E75,'Daily TRT '!$B$9:$B$236,Jun.26!F75) -> 0 | H75: =SUMIFS('Daily TRT '!$AK$9:$AK$236,'Daily TRT '!$A$9:$A$236,Jun.26!E75,'Daily TRT '!$B$9:$B$236,Jun.26!F75) -> 0 | I75: =SUMIFS('Daily TRT '!$AL$9:$AL$236,'Daily TRT '!$A$9:$A$236,Jun.26!E75,'Daily TRT '!$B$9:$B$236,Jun.26!F75) -> 0 | J75: =SUMIFS('Daily TRT '!$AM$9:$AM$236,'Daily TRT '!$A$9:$A$236,Jun.26!E75,'Daily TRT '!$B$9:$B$236,Jun.26!F75) -> 0 | K75: =H75/G75 -> #DIV/0! | L75: =IF(K75>1,"Achieved","Unachieved") -> #DIV/0!
... A80: 2026 | B80: JUN | C80: TRT | D80: AUTO | E80: =_xlfn.XLOOKUP(F80,'Daily TRT '!B:B,'Daily TRT '!C:C) -> A12(50Ton) | F80: INSULATOR CP BLOWER (692N) M3 | G80: =SUMIFS('Daily TRT '!$AJ$9:$AJ$236,'Daily TRT '!$A$9:$A$236,Jun.26!E80,'Daily TRT '!$B$9:$B$236,Jun.26!F80) -> 0 | H80: =SUMIFS('Daily TRT '!$AK$9:$AK$236,'Daily TRT '!$A$9:$A$236,Jun.26!E80,'Daily TRT '!$B$9:$B$236,Jun.26!F80) -> 0 | I80: =SUMIFS('Daily TRT '!$AL$9:$AL$236,'Daily TRT '!$A$9:$A$236,Jun.26!E80,'Daily TRT '!$B$9:$B$236,Jun.26!F80) -> 0 | J80: =SUMIFS('Daily TRT '!$AM$9:$AM$236,'Daily TRT '!$A$9:$A$236,Jun.26!E80,'Daily TRT '!$B$9:$B$236,Jun.26!F80) -> 0 | K80: =H80/G80 -> #DIV/0! | L80: =IF(K80>1,"Achieved","Unachieved") -> #DIV/0!
A81: 2026 | B81: JUN | C81: YAZAKI | D81: AUTO | E81: =_xlfn.XLOOKUP(F81,'Daily Yazaki'!B:B,'Daily Yazaki'!C:C) -> A8(80ton) | F81: 0.64 II 16P CAN INNER HSG | G81: =SUMIFS('Daily Yazaki'!$AJ$9:$AJ$176,'Daily Yazaki'!$A$9:$A$176,Jun.26!E81,'Daily Yazaki'!$B$9:$B$176,Jun.26!F81) -> 0 | H81: =SUMIFS('Daily Yazaki'!$AK$9:$AK$176,'Daily Yazaki'!$A$9:$A$176,Jun.26!E81,'Daily Yazaki'!$B$9:$B$176,Jun.26!F81) -> 0 | I81: =SUMIFS('Daily Yazaki'!$AL$9:$AL$176,'Daily Yazaki'!$A$9:$A$176,Jun.26!E81,'Daily Yazaki'!$B$9:$B$176,Jun.26!F81) -> 0 | J81: =SUMIFS('Daily Yazaki'!$AM$9:$AM$176,'Daily Yazaki'!$A$9:$A$176,Jun.26!E81,'Daily Yazaki'!$B$9:$B$176,Jun.26!F81) -> 0 | K81: =H81/G81 -> #DIV/0! | L81: =IF(K81>1,"Achieved","Unachieved") -> #DIV/0!
A82: 2026 | B82: JUN | C82: YAZAKI | D82: AUTO | E82: =_xlfn.XLOOKUP(F82,'Daily Yazaki'!B:B,'Daily Yazaki'!C:C) -> A1(75ton) | F82: 0.64 II 16P CAN OUTER HSG | G82: =SUMIFS('Daily Yazaki'!$AJ$9:$AJ$176,'Daily Yazaki'!$A$9:$A$176,Jun.26!E82,'Daily Yazaki'!$B$9:$B$176,Jun.26!F82) -> 0 | H82: =SUMIFS('Daily Yazaki'!$AK$9:$AK$176,'Daily Yazaki'!$A$9:$A$176,Jun.26!E82,'Daily Yazaki'!$B$9:$B$176,Jun.26!F82) -> 0 | I82: =SUMIFS('Daily Yazaki'!$AL$9:$AL$176,'Daily Yazaki'!$A$9:$A$176,Jun.26!E82,'Daily Yazaki'!$B$9:$B$176,Jun.26!F82) -> 0 | J82: =SUMIFS('Daily Yazaki'!$AM$9:$AM$176,'Daily Yazaki'!$A$9:$A$176,Jun.26!E82,'Daily Yazaki'!$B$9:$B$176,Jun.26!F82) -> 0 | K82: =H82/G82 -> #DIV/0! | L82: =IF(K82>1,"Achieved","Unachieved") -> #DIV/0!
A83: 2026 | B83: JUN | C83: YAZAKI | D83: AUTO | E83: =_xlfn.XLOOKUP(F83,'Daily Yazaki'!B:B,'Daily Yazaki'!C:C) -> A1(75ton) | F83: 0.64 II 20P CAN INNER HSG | G83: =SUMIFS('Daily Yazaki'!$AJ$9:$AJ$176,'Daily Yazaki'!$A$9:$A$176,Jun.26!E83,'Daily Yazaki'!$B$9:$B$176,Jun.26!F83) -> 0 | H83: =SUMIFS('Daily Yazaki'!$AK$9:$AK$176,'Daily Yazaki'!$A$9:$A$176,Jun.26!E83,'Daily Yazaki'!$B$9:$B$176,Jun.26!F83) -> 0 | I83: =SUMIFS('Daily Yazaki'!$AL$9:$AL$176,'Daily Yazaki'!$A$9:$A$176,Jun.26!E83,'Daily Yazaki'!$B$9:$B$176,Jun.26!F83) -> 0 | J83: =SUMIFS('Daily Yazaki'!$AM$9:$AM$176,'Daily Yazaki'!$A$9:$A$176,Jun.26!E83,'Daily Yazaki'!$B$9:$B$176,Jun.26!F83) -> 0 | K83: =H83/G83 -> #DIV/0! | L83: =IF(K83>1,"Achieved","Unachieved") -> #DIV/0!
A84: 2026 | B84: JUN | C84: YAZAKI | D84: AUTO | E84: =_xlfn.XLOOKUP(F84,'Daily Yazaki'!B:B,'Daily Yazaki'!C:C) -> A8(80ton) | F84: 0.64 II 20P CAN OUTER HSG | G84: =SUMIFS('Daily Yazaki'!$AJ$9:$AJ$176,'Daily Yazaki'!$A$9:$A$176,Jun.26!E84,'Daily Yazaki'!$B$9:$B$176,Jun.26!F84) -> 150000 | H84: =SUMIFS('Daily Yazaki'!$AK$9:$AK$176,'Daily Yazaki'!$A$9:$A$176,Jun.26!E84,'Daily Yazaki'!$B$9:$B$176,Jun.26!F84) -> 10500 | I84: =SUMIFS('Daily Yazaki'!$AL$9:$AL$176,'Daily Yazaki'!$A$9:$A$176,Jun.26!E84,'Daily Yazaki'!$B$9:$B$176,Jun.26!F84) -> 756489 | J84: =SUMIFS('Daily Yazaki'!$AM$9:$AM$176,'Daily Yazaki'!$A$9:$A$176,Jun.26!E84,'Daily Yazaki'!$B$9:$B$176,Jun.26!F84) -> 52954.23 | K84: =H84/G84 -> 0.07 | L84: =IF(K84>1,"Achieved","Unachieved") -> Unachieved
A85: 2026 | B85: JUN | C85: YAZAKI | D85: AUTO | E85: =_xlfn.XLOOKUP(F85,'Daily Yazaki'!B:B,'Daily Yazaki'!C:C) -> A2(100ton) | F85: RH06M-J/C (Light gray)7182-9631-40 M2 | G85: =SUMIFS('Daily Yazaki'!$AJ$9:$AJ$176,'Daily Yazaki'!$A$9:$A$176,Jun.26!E85,'Daily Yazaki'!$B$9:$B$176,Jun.26!F85) -> 0 | H85: =SUMIFS('Daily Yazaki'!$AK$9:$AK$176,'Daily Yazaki'!$A$9:$A$176,Jun.26!E85,'Daily Yazaki'!$B$9:$B$176,Jun.26!F85) -> 0 | I85: =SUMIFS('Daily Yazaki'!$AL$9:$AL$176,'Daily Yazaki'!$A$9:$A$176,Jun.26!E85,'Daily Yazaki'!$B$9:$B$176,Jun.26!F85) -> 0 | J85: =SUMIFS('Daily Yazaki'!$AM$9:$AM$176,'Daily Yazaki'!$A$9:$A$176,Jun.26!E85,'Daily Yazaki'!$B$9:$B$176,Jun.26!F85) -> 0 | K85: =H85/G85 -> #DIV/0! | L85: =IF(K85>1,"Achieved","Unachieved") -> #DIV/0!
A86: 2026 | B86: JUN | C86: YAZAKI | D86: AUTO | E86: =_xlfn.XLOOKUP(F86,'Daily Yazaki'!B:B,'Daily Yazaki'!C:C) -> A2(100ton) | F86: RH10M-J/C (Black)7182-9632-30 M2 | G86: =SUMIFS('Daily Yazaki'!$AJ$9:$AJ$176,'Daily Yazaki'!$A$9:$A$176,Jun.26!E86,'Daily Yazaki'!$B$9:$B$176,Jun.26!F86) -> 350000 | H86: =SUMIFS('Daily Yazaki'!$AK$9:$AK$176,'Daily Yazaki'!$A$9:$A$176,Jun.26!E86,'Daily Yazaki'!$B$9:$B$176,Jun.26!F86) -> 301824 | I86: =SUMIFS('Daily Yazaki'!$AL$9:$AL$176,'Daily Yazaki'!$A$9:$A$176,Jun.26!E86,'Daily Yazaki'!$B$9:$B$176,Jun.26!F86) -> 1297061.5 | J86: =SUMIFS('Daily Yazaki'!$AM$9:$AM$176,'Daily Yazaki'!$A$9:$A$176,Jun.26!E86,'Daily Yazaki'!$B$9:$B$176,Jun.26!F86) -> 1118526.5 | K86: =H86/G86 -> 0.86235429 | L86: =IF(K86>1,"Achieved","Unachieved") -> Unachieved
A87: 2026 | B87: JUN | C87: YAZAKI | D87: AUTO | E87: =_xlfn.XLOOKUP(F87,'Daily Yazaki'!B:B,'Daily Yazaki'!C:C) -> A2(100ton) | F87: RH10M-J/C (Light gray)7182-9633-40 M2 | G87: =SUMIFS('Daily Yazaki'!$AJ$9:$AJ$176,'Daily Yazaki'!$A$9:$A$176,Jun.26!E87,'Daily Yazaki'!$B$9:$B$176,Jun.26!F87) -> 0 | H87: =SUMIFS('Daily Yazaki'!$AK$9:$AK$176,'Daily Yazaki'!$A$9:$A$176,Jun.26!E87,'Daily Yazaki'!$B$9:$B$176,Jun.26!F87) -> 0 | I87: =SUMIFS('Daily Yazaki'!$AL$9:$AL$176,'Daily Yazaki'!$A$9:$A$176,Jun.26!E87,'Daily Yazaki'!$B$9:$B$176,Jun.26!F87) -> 0 | J87: =SUMIFS('Daily Yazaki'!$AM$9:$AM$176,'Daily Yazaki'!$A$9:$A$176,Jun.26!E87,'Daily Yazaki'!$B$9:$B$176,Jun.26!F87) -> 0 | K87: =H87/G87 -> #DIV/0! | L87: =IF(K87>1,"Achieved","Unachieved") -> #DIV/0!
A88: 2026 | B88: JUN | C88: YAZAKI | D88: AUTO | E88: =_xlfn.XLOOKUP(F88,'Daily Yazaki'!B:B,'Daily Yazaki'!C:C) -> A5(50ton) | F88: 0.64 II 20P CAN REAR HOLDER | G88: =SUMIFS('Daily Yazaki'!$AJ$9:$AJ$176,'Daily Yazaki'!$A$9:$A$176,Jun.26!E88,'Daily Yazaki'!$B$9:$B$176,Jun.26!F88) -> 0 | H88: =SUMIFS('Daily Yazaki'!$AK$9:$AK$176,'Daily Yazaki'!$A$9:$A$176,Jun.26!E88,'Daily Yazaki'!$B$9:$B$176,Jun.26!F88) -> 0 | I88: =SUMIFS('Daily Yazaki'!$AL$9:$AL$176,'Daily Yazaki'!$A$9:$A$176,Jun.26!E88,'Daily Yazaki'!$B$9:$B$176,Jun.26!F88) -> 0 | J88: =SUMIFS('Daily Yazaki'!$AM$9:$AM$176,'Daily Yazaki'!$A$9:$A$176,Jun.26!E88,'Daily Yazaki'!$B$9:$B$176,Jun.26!F88) -> 0 | K88: =H88/G88 -> #DIV/0! | L88: =IF(K88>1,"Achieved","Unachieved") -> #DIV/0!
A89: 2026 | B89: JUN | C89: YAZAKI | D89: AUTO | E89: =_xlfn.XLOOKUP(F89,'Daily Yazaki'!B:B,'Daily Yazaki'!C:C) -> A1(75ton) | F89: 0.64 II 20P CAN INNER HSG | G89: =SUMIFS('Daily Yazaki'!$AJ$9:$AJ$176,'Daily Yazaki'!$A$9:$A$176,Jun.26!E89,'Daily Yazaki'!$B$9:$B$176,Jun.26!F89) -> 0 | H89: =SUMIFS('Daily Yazaki'!$AK$9:$AK$176,'Daily Yazaki'!$A$9:$A$176,Jun.26!E89,'Daily Yazaki'!$B$9:$B$176,Jun.26!F89) -> 0 | I89: =SUMIFS('Daily Yazaki'!$AL$9:$AL$176,'Daily Yazaki'!$A$9:$A$176,Jun.26!E89,'Daily Yazaki'!$B$9:$B$176,Jun.26!F89) -> 0 | J89: =SUMIFS('Daily Yazaki'!$AM$9:$AM$176,'Daily Yazaki'!$A$9:$A$176,Jun.26!E89,'Daily Yazaki'!$B$9:$B$176,Jun.26!F89) -> 0 | K89: =H89/G89 -> #DIV/0! | L89: =IF(K89>1,"Achieved","Unachieved") -> #DIV/0!
A90: 2026 | B90: JUN | C90: YAZAKI | D90: AUTO | E90: =_xlfn.XLOOKUP(F90,'Daily Yazaki'!B:B,'Daily Yazaki'!C:C) -> A14(100ton) | F90: RH10M-J/C (Black) 7182-9632-30 M3 | G90: =SUMIFS('Daily Yazaki'!$AJ$9:$AJ$176,'Daily Yazaki'!$A$9:$A$176,Jun.26!E90,'Daily Yazaki'!$B$9:$B$176,Jun.26!F90) -> 0 | H90: =SUMIFS('Daily Yazaki'!$AK$9:$AK$176,'Daily Yazaki'!$A$9:$A$176,Jun.26!E90,'Daily Yazaki'!$B$9:$B$176,Jun.26!F90) -> 0 | I90: =SUMIFS('Daily Yazaki'!$AL$9:$AL$176,'Daily Yazaki'!$A$9:$A$176,Jun.26!E90,'Daily Yazaki'!$B$9:$B$176,Jun.26!F90) -> 0 | J90: =SUMIFS('Daily Yazaki'!$AM$9:$AM$176,'Daily Yazaki'!$A$9:$A$176,Jun.26!E90,'Daily Yazaki'!$B$9:$B$176,Jun.26!F90) -> 0 | K90: =H90/G90 -> #DIV/0! | L90: =IF(K90>1,"Achieved","Unachieved") -> #DIV/0!

Sheet Daily Tray 
AB2: 151431
D3: Rev.1
A4: Production Daily Output for Tray Air Spoiler and Ramp in June 2026
A5: INJ sent to TL and related section before noon.
A6: M/C No. | B6: Part Name | C6: Std. O/H (Shot) | D6: Date | E6: June'2026 | F6: Column1 | G6: Column2 | H6: Column3 | I6: Column4 | J6: Column5 | K6: Column6 | L6: Column7 | M6: Column8 | N6: Column9 | O6: Column10 | P6: Column11 | Q6: Column12 | R6: Column13 | S6: Column14 | T6: Column15 | U6: Column16 | V6: Column17 | W6: Column18 | X6: Column19 | Y6: Column20 | Z6: Column21 | AA6: Column22 | AB6: Column23 | AC6: Column24 | AD6: Column242 | AE6: Column243 | AF6: Column244 | AG6: Column25 | AH6: Column26 | AI6: Column27 | AJ6: Total | AK6: Total Act. (pcs.) | AL6: Sale/Bahts. | AM6: Total Amount (THB) | AN6: Price/Pcs. | AO6: Material usage (Kg) | AP6: Column28 | AQ6: Column29 | AR6: Column30 | AS6: Column31 | AT6: Column32 | AU6: Column33 | AV6: Column35
E7: 46174 | F7: =Table75[[#This Row],[June''2026]]+1 -> 46175 | G7: =Table75[[#This Row],[Column1]]+1 -> 46176 | H7: =Table75[[#This Row],[Column2]]+1 -> 46177 | I7: =Table75[[#This Row],[Column3]]+1 -> 46178 | J7: =Table75[[#This Row],[Column4]]+1 -> 46179 | K7: =Table75[[#This Row],[Column5]]+1 -> 46180 | L7: =Table75[[#This Row],[Column6]]+1 -> 46181 | M7: =Table75[[#This Row],[Column7]]+1 -> 46182 | N7: =Table75[[#This Row],[Column8]]+1 -> 46183 | O7: =Table75[[#This Row],[Column9]]+1 -> 46184 | P7: =Table75[[#This Row],[Column10]]+1 -> 46185 | Q7: =Table75[[#This Row],[Column11]]+1 -> 46186 | R7: =Table75[[#This Row],[Column12]]+1 -> 46187 | S7: =Table75[[#This Row],[Column13]]+1 -> 46188 | T7: =Table75[[#This Row],[Column14]]+1 -> 46189 | U7: =Table75[[#This Row],[Column15]]+1 -> 46190 | V7: =Table75[[#This Row],[Column16]]+1 -> 46191 | W7: =Table75[[#This Row],[Column17]]+1 -> 46192 | X7: =Table75[[#This Row],[Column18]]+1 -> 46193 | Y7: =Table75[[#This Row],[Column19]]+1 -> 46194 | Z7: =Table75[[#This Row],[Column20]]+1 -> 46195 | AA7: =Table75[[#This Row],[Column21]]+1 -> 46196 | AB7: =Table75[[#This Row],[Column22]]+1 -> 46197 | AC7: =Table75[[#This Row],[Column23]]+1 -> 46198 | AD7: =Table75[[#This Row],[Column24]]+1 -> 46199 | AE7: =Table75[[#This Row],[Column242]]+1 -> 46200 | AF7: =Table75[[#This Row],[Column243]]+1 -> 46201 | AG7: =Table75[[#This Row],[Column244]]+1 -> 46202 | AH7: =Table75[[#This Row],[Column25]]+1 -> 46203 | AI7: =Table75[[#This Row],[Column26]]+1 -> 46204 | AK7: =AJ9 -> 0 | AM7: =AL9 -> 0
B8: Tray for Ramp Vela-A (Color Green) | D8: Plan (pcs.) | AJ8: =SUM(E8:AI8) -> 0 | AK8: =AJ10 -> 0 | AL8: =+AJ8*AN8 -> 0 | AM8: =AL10 -> 0 | AO8: =Table5[[#This Row],[Total]]*B12/1000 -> 0 | AP8: M/C A7 | AQ8: WK1 | AR8: WK2 | AS8: WK3 | AT8: WK4 | AU8: WK5 | AV8: Total
B9: AME3962-00 | D9: Accumulated shot count | E9: =IF(E8="",0,+ E8/E15) -> 0 | F9: =IF(F8="",0, E9+F8/F15) -> 0 | G9: =IF(G8="",0, F9+G8/G15) -> 0 | H9: =IF(H8="",0, G9+H8/H15) -> 0 | I9: =IF(I8="",0, H9+I8/I15) -> 0 | J9: =IF(J8="",0, I9+J8/J15) -> 0 | K9: =IF(K8="",0, J9+K8/K15) -> 0 | L9: =IF(L8="",0, K9+L8/L15) -> 0 | M9: =IF(M8="",0, L9+M8/M15) -> 0 | ... AI9: =IF(AI8="",0, AH9+AI8/AI15) -> 0 | AM9: =AL11 -> 0 | AP9: Plan (pcs) | AQ9: =SUM(E8:I8) -> 0 | AR9: =SUM(J8:P8) -> 0 | AS9: =SUM(Q8:W8) -> 0 | AT9: =SUM(X8:AD8) -> 0 | AU9: =SUM(AE8:AI8) -> 0 | AV9: =SUM(AQ9:AU9) -> 0
B10: 1/1 cav. | D10: Actual (pcs.) | AJ10: =SUM(E10:AI10) -> 0 | AL10: =+AJ10*AN8 -> 0 | AM10: =AL12 -> 0 | AO10: =(AJ10+AJ12+AJ13+AJ14)*B12/1000 -> 0 | AP10: Actual (pcs) | AQ10: =SUM(E10:I10) -> 0 | AR10: =SUM(J10:P10) -> 0 | AS10: =SUM(Q10:W10) -> 0 | AT10: =SUM(X10:AD10) -> 0 | AU10: =SUM(AE10:AI10) -> 0 | AV10: =SUM(AQ10:AU10) -> 0
C11: STD. shot mold O/H | D11: Diff.from plan (pcs.) | E11: =+E10-E8 -> 0 | F11: =+F10-F8 -> 0 | G11: =+G10-G8 -> 0 | H11: =+H10-H8 -> 0 | I11: =+I10-I8 -> 0 | J11: =+J10-J8 -> 0 | K11: =+K10-K8 -> 0 | L11: =+L10-L8 -> 0 | ... AJ11: =+AJ10-AJ8 -> 0 | AL11: =+AJ11*AN8 -> 0 | AM11: =AL13 -> 0 | AN11: % Defect | AP11: Deff.(pcs.) | AQ11: =AQ10-AQ9 -> 0 | AR11: =AR10-AR9 -> 0 | AS11: =AS10-AS9 -> 0 | AT11: =AT10-AT9 -> 0 | AU11: =AU10-AU9 -> 0 | AV11: =SUM(AQ11:AU11) -> 0
A12: A7 (75tons) | C12: 1time/month | D12: Throw away (pcs.) | AJ12: =SUM(E12:AI12) -> 0 | AL12: =+AJ12*AN8 -> 0 | AM12: =AL14 -> 0 | AN12: =+AJ12/AJ10*100 -> #DIV/0! | AO12: =AO10/AO8 -> #DIV/0! | AP12: Throwaway(pcs) | AQ12: =SUM(E12:I12) -> 0 | AR12: =SUM(J12:P12) -> 0 | AS12: =SUM(Q12:W12) -> 0 | AT12: =SUM(X12:AD12) -> 0 | AU12: =SUM(AE12:AI12) -> 0 | AV12: =SUM(AQ12:AU12) -> 0
D13: QC Sample partrol (pcs.) | AJ13: =SUM(E13:AI13) -> 0 | AL13: =+AJ13*AN8 -> 0 | AM13: =AL15 -> 0 | AP13: Throwaway cost (THB) | AQ13: =AQ12*AN8 -> 0 | AR13: =AR12*AN8 -> 0 | AS13: =AS12*AN8 -> 0 | AT13: =AT12*AN8 -> 0 | AU13: =AU12*AN8 -> 0 | AV13: =SUM(AQ13:AU13) -> 0
C14: Screw O/H | D14: INJ. Sample partrol (pcs.) | AJ14: =SUM(E14:AI14) -> 0 | AL14: =+AJ14*AN9 -> 0 | AM14: =AL16 -> 0 | AP14: Production amount(THB) | AQ14: =AQ10*AN8 -> 0 | AR14: =AR10*AN8 -> 0 | AS14: =AS10*AN8 -> 0 | AT14: =AT10*AN8 -> 0 | AU14: =AU10*AN8 -> 0 | AV14: =SUM(AQ14:AU14) -> 0
C15: 300000 | D15: Actual cav. | E15: 1 | F15: 1 | G15: 1 | H15: 1 | I15: 1 | J15: 1 | K15: 1 | L15: 1 | M15: 1 | N15: 1 | O15: 1 | P15: 1 | Q15: 1 | R15: 1 | S15: 1 | T15: 1 | U15: 1 | V15: 1 | W15: 1 | X15: 1 | Y15: 1 | Z15: 1 | AA15: 1 | AB15: 1 | AC15: 1 | AD15: 1 | AE15: 1 | AF15: 1 | AG15: 1 | AH15: 1 | AI15: 1 | AM15: =AL17 -> 0
C16: Trigger line | D16: Shot cont | E16: =SUM(E10+E12+E13+E14)/E15 -> 0 | F16: =SUM(F10+F12+F13+F14)/F15 -> 0 | G16: =SUM(G10+G12+G13+G14)/G15 -> 0 | H16: =SUM(H10+H12+H13+H14)/H15 -> 0 | I16: =SUM(I10+I12+I13+I14)/I15 -> 0 | J16: =SUM(J10+J12+J13+J14)/J15 -> 0 | K16: =SUM(K10+K12+K13+K14)/K15 -> 0 | L16: =SUM(L10+L12+L13+L14)/L15 -> 0 | ... AI16: =SUM(AI10+AI12+AI13+AI14)/AI15 -> 0 | AJ16: =SUM(E16:AI16) -> 0 | AM16: =AL18 -> 0
C17: =+C15*0.8 -> 240000 | D17: Mold O/H | AM17: =AL19 -> 0
D18: Actual accumulated shot count | E18: =IF(E17="O/H",E16,0+E16) -> 0 | F18: =IF(F17="O/H",F16,+E18+F16) -> 0 | G18: =IF(G17="O/H",G16,+F18+G16) -> 0 | H18: =IF(H17="O/H",H16,+G18+H16) -> 0 | I18: =IF(I17="O/H",I16,+H18+I16) -> 0 | J18: =IF(J17="O/H",J16,+I18+J16) -> 0 | K18: =IF(K17="O/H",K16,+J18+K16) -> 0 | L18: =IF(L17="O/H",L16,+K18+L16) -> 0 | M18: =IF(M17="O/H",M16,+L18+M16) -> 0 | ... AI18: =IF(AI17="O/H",AI16,+AH18+AI16) -> 0 | AM18: =AL20 -> 0
D19: Total Mold Shot counter Actual | E19: =IF(AND(ISNUMBER(E10)),151896+E16) -> FALSE | F19: =IF(AND(ISNUMBER(F10)),E19+F16,"") | G19: =IF(AND(ISNUMBER(G10)),F19+G16,"") | H19: =IF(AND(ISNUMBER(H10)),G19+H16,"") | I19: =IF(AND(ISNUMBER(I10)),H19+I16,"") | J19: =IF(AND(ISNUMBER(J10)),I19+J16,"") | K19: =IF(AND(ISNUMBER(K10)),J19+K16,"") | L19: =IF(AND(ISNUMBER(L10)),K19+L16,"") | M19: =IF(AND(ISNUMBER(M10)),L19+M16,"") | ... AI19: =IF(AND(ISNUMBER(AI10)),AH19+AI16,"") | AM19: =AL21 -> 0
D20: Screw O/H | AM20: =AL22 -> 0
D21: Actual accumulated shot count | E21: =IF(E20="O/H",E16,0+E16) -> 0 | F21: =IF(F20="O/H",F16,+E21+F16) -> 0 | G21: =IF(G20="O/H",G16,+F21+G16) -> 0 | H21: =IF(H20="O/H",H16,+G21+H16) -> 0 | I21: =IF(I20="O/H",I16,+H21+I16) -> 0 | J21: =IF(J20="O/H",J16,+I21+J16) -> 0 | K21: =IF(K20="O/H",K16,+J21+K16) -> 0 | L21: =IF(L20="O/H",L16,+K21+L16) -> 0 | M21: =IF(M20="O/H",M16,+L21+M16) -> 0 | ... AI21: =IF(AI20="O/H",AI16,+AH21+AI16) -> 0 | AM21: =AL23 -> 0
B22: Bar for Ramp Vela-A (Color Green) | D22: Plan (pcs.) | AJ22: =SUM(Table75[[#This Row],[June''2026]:[Column27]]) -> 0 | AK22: =AJ24 -> 0 | AL22: =+AJ22*AN22 -> 0 | AM22: =AL24 -> 0 | AO22: =Table5[[#This Row],[Total]]*B26/1000 -> 0 | AP22: M/C A7 | AQ22: WK1 | AR22: WK2 | AS22: WK3 | AT22: WK4 | AU22: WK5 | AV22: Total
B23: - | D23: Accumulated shot count | E23: =IF(E22="",0,+ E22/E29) -> 0 | F23: =IF(F22="",0, E23+F22/F29) -> 0 | G23: =IF(G22="",0, F23+G22/G29) -> 0 | H23: =IF(H22="",0, G23+H22/H29) -> 0 | I23: =IF(I22="",0, H23+I22/I29) -> 0 | J23: =IF(J22="",0, I23+J22/J29) -> 0 | K23: =IF(K22="",0, J23+K22/K29) -> 0 | L23: =IF(L22="",0, K23+L22/L29) -> 0 | M23: =IF(M22="",0, L23+M22/M29) -> 0 | ... AI23: =IF(AI22="",0, AH23+AI22/AI29) -> 0 | AM23: =AL25 -> 0 | AP23: Plan (pcs) | AQ23: =SUM(E22:I22) -> 0 | AR23: =SUM(J22:P22) -> 0 | AS23: =SUM(Q22:W22) -> 0 | AT23: =SUM(X22:AD22) -> 0 | AU23: =SUM(AE22:AI22) -> 0 | AV23: =SUM(AQ23:AU23) -> 0
B24: 1/1 cav. | D24: Actual (pcs.) | AJ24: =SUM(E24:AI24) -> 0 | AL24: =+AJ24*AN22 -> 0 | AM24: =AL26 -> 0 | AO24: =(AJ24+AJ26+AJ27+AJ28)*B26/1000 -> 0 | AP24: Actual (pcs) | AQ24: =SUM(E24:I24) -> 0 | AR24: =SUM(J24:P24) -> 0 | AS24: =SUM(Q24:W24) -> 0 | AT24: =SUM(X24:AD24) -> 0 | AU24: =SUM(AE24:AI24) -> 0 | AV24: =SUM(AQ24:AU24) -> 0
C25: STD. shot mold O/H | D25: Diff.from plan (pcs.) | E25: =+E24-E22 -> 0 | F25: =+F24-F22 -> 0 | G25: =+G24-G22 -> 0 | H25: =+H24-H22 -> 0 | I25: =+I24-I22 -> 0 | J25: =+J24-J22 -> 0 | K25: =+K24-K22 -> 0 | L25: =+L24-L22 -> 0 | ... AJ25: =+AJ24-AJ22 -> 0 | AL25: =+AJ25*AN22 -> 0 | AM25: =AL27 -> 0 | AN25: % Defect | AP25: Deff.(pcs.) | AQ25: =AQ24-AQ23 -> 0 | AR25: =AR24-AR23 -> 0 | AS25: =AS24-AS23 -> 0 | AT25: =AT24-AT23 -> 0 | AU25: =AU24-AU23 -> 0 | AV25: =SUM(AQ25:AU25) -> 0
C26: 1time/month | D26: Throw away (pcs.) | AJ26: =SUM(E26:AI26) -> 0 | AL26: =+AJ26*AN22 -> 0 | AM26: =AL28 -> 0 | AN26: =+AJ26/AJ24*100 -> #DIV/0! | AO26: =AO24/AO22 -> #DIV/0! | AP26: Throwaway(pcs) | AQ26: =SUM(E26:I26) -> 0 | AR26: =SUM(J26:P26) -> 0 | AS26: =SUM(Q26:W26) -> 0 | AT26: =SUM(X26:AD26) -> 0 | AU26: =SUM(AE26:AI26) -> 0 | AV26: =SUM(AQ26:AU26) -> 0
A27: A7 (75tons) | D27: QC Sample partrol (pcs.) | AJ27: =SUM(E27:AI27) -> 0 | AL27: =+AJ27*AN22 -> 0 | AM27: =AL29 -> 0 | AP27: Throwaway cost (THB) | AQ27: =AQ26*AN22 -> 0 | AR27: =AR26*AN22 -> 0 | AS27: =AS26*AN22 -> 0 | AT27: =AT26*AN22 -> 0 | AU27: =AU26*AN22 -> 0 | AV27: =SUM(AQ27:AU27) -> 0
C28: Screw O/H | D28: INJ. Sample partrol (pcs.) | AJ28: =SUM(E28:AI28) -> 0 | AL28: =+AJ28*AN22 -> 0 | AM28: =AL30 -> 0 | AP28: Production amount(THB) | AQ28: =AQ24*AN22 -> 0 | AR28: =AR24*AN22 -> 0 | AS28: =AS24*AN22 -> 0 | AT28: =AT24*AN22 -> 0 | AU28: =AU24*AN22 -> 0 | AV28: =SUM(AQ28:AU28) -> 0
C29: 300000 | D29: Actual cav. | E29: 1 | F29: 1 | G29: 1 | H29: 1 | I29: 1 | J29: 1 | K29: 1 | L29: 1 | M29: 1 | N29: 1 | O29: 1 | P29: 1 | Q29: 1 | R29: 1 | S29: 1 | T29: 1 | U29: 1 | V29: 1 | W29: 1 | X29: 1 | Y29: 1 | Z29: 1 | AA29: 1 | AB29: 1 | AC29: 1 | AD29: 1 | AE29: 1 | AF29: 1 | AG29: 1 | AH29: 1 | AI29: 1 | AM29: =AL31 -> 0
C30: Trigger line | D30: Shot cont | E30: =SUM(E24+E26+E27+E28)/E29 -> 0 | F30: =SUM(F24+F26+F27+F28)/F29 -> 0 | G30: =SUM(G24+G26+G27+G28)/G29 -> 0 | H30: =SUM(H24+H26+H27+H28)/H29 -> 0 | I30: =SUM(I24+I26+I27+I28)/I29 -> 0 | J30: =SUM(J24+J26+J27+J28)/J29 -> 0 | K30: =SUM(K24+K26+K27+K28)/K29 -> 0 | L30: =SUM(L24+L26+L27+L28)/L29 -> 0 | ... AH30: =SUM(AH24+AH26+AH27+AH28)/AH29 -> 0 | AI30: =SUM(AI24+AI26+AI27)/AI29 -> 0 | AJ30: =SUM(E30:AI30) -> 0 | AM30: =AL32 -> 0
C31: =+C29*0.8 -> 240000 | D31: Mold O/H | AM31: =AL33 -> 0
D32: Actual accumulated shot count | E32: =IF(E31="O/H",E30,0+E30) -> 0 | F32: =IF(F31="O/H",F30,+E32+F30) -> 0 | G32: =IF(G31="O/H",G30,+F32+G30) -> 0 | H32: =IF(H31="O/H",H30,+G32+H30) -> 0 | I32: =IF(I31="O/H",I30,+H32+I30) -> 0 | J32: =IF(J31="O/H",J30,+I32+J30) -> 0 | K32: =IF(K31="O/H",K30,+J32+K30) -> 0 | L32: =IF(L31="O/H",L30,+K32+L30) -> 0 | M32: =IF(M31="O/H",M30,+L32+M30) -> 0 | ... AI32: =IF(AI31="O/H",AI30,+AH32+AI30) -> 0 | AM32: =AL34 -> 0
D33: Total Mold Shot counter Actual | E33: =IF(AND(ISNUMBER(E24)),1361139+E30) -> FALSE | F33: =IF(AND(ISNUMBER(F24)),E33+F30,"") | G33: =IF(AND(ISNUMBER(G24)),F33+G30,"") | H33: =IF(AND(ISNUMBER(H24)),G33+H30,"") | I33: =IF(AND(ISNUMBER(I24)),H33+I30,"") | J33: =IF(AND(ISNUMBER(J24)),I33+J30,"") | K33: =IF(AND(ISNUMBER(K24)),J33+K30,"") | L33: =IF(AND(ISNUMBER(L24)),K33+L30,"") | M33: =IF(AND(ISNUMBER(M24)),L33+M30,"") | ... AI33: =IF(AND(ISNUMBER(AI24)),AH33+AI30,"") | AM33: =AL35 -> 0
D34: Screw O/H | AM34: =AL36 -> 0
D35: Actual accumulated shot count | E35: =IF(E34="O/H",E30,0+E30) -> 0 | F35: =IF(F34="O/H",F30,+E35+F30) -> 0 | G35: =IF(G34="O/H",G30,+F35+G30) -> 0 | H35: =IF(H34="O/H",H30,+G35+H30) -> 0 | I35: =IF(I34="O/H",I30,+H35+I30) -> 0 | J35: =IF(J34="O/H",J30,+I35+J30) -> 0 | K35: =IF(K34="O/H",K30,+J35+K30) -> 0 | L35: =IF(L34="O/H",L30,+K35+L30) -> 0 | M35: =IF(M34="O/H",M30,+L35+M30) -> 0 | ... AI35: =IF(AI34="O/H",AI30,+AH35+AI30) -> 0 | AM35: =AL37 -> 0
B36: Tray for Ramp Vela-A1 (Carina2) Color Blue | D36: Plan (pcs.) | AJ36: =SUM(Table75[[#This Row],[June''2026]:[Column27]]) -> 0 | AK36: =AJ38 -> 0 | AL36: =+AJ36*AN36 -> 0 | AM36: =AL38 -> 0 | AO36: =Table5[[#This Row],[Total]]*B40/1000 -> 0 | AP36: M/C A7 | AQ36: WK1 | AR36: WK2 | AS36: WK3 | AT36: WK4 | AU36: WK5 | AV36: Total
B37: C53610 | D37: Accumulated shot count | E37: =IF(E36="",0,+ E36/E43) -> 0 | F37: =IF(F36="",0, E37+F36/F43) -> 0 | G37: =IF(G36="",0, F37+G36/G43) -> 0 | H37: =IF(H36="",0, G37+H36/H43) -> 0 | I37: =IF(I36="",0, H37+I36/I43) -> 0 | J37: =IF(J36="",0, I37+J36/J43) -> 0 | K37: =IF(K36="",0, J37+K36/K43) -> 0 | L37: =IF(L36="",0, K37+L36/L43) -> 0 | M37: =IF(M36="",0, L37+M36/M43) -> 0 | ... AI37: =IF(AI36="",0, AH37+AI36/AI43) -> 0 | AM37: =AL39 -> 0 | AP37: Plan (pcs) | AQ37: =SUM(E36:I36) -> 0 | AR37: =SUM(J36:P36) -> 0 | AS37: =SUM(Q36:W36) -> 0 | AT37: =SUM(X36:AD36) -> 0 | AU37: =SUM(AE36:AI36) -> 0 | AV37: =SUM(AQ37:AU37) -> 0
B38: 1/1 cav. | D38: Actual (pcs.) | AJ38: =SUM(E38:AI38) -> 0 | AL38: =+AJ38*AN36 -> 0 | AM38: =AL40 -> 0 | AO38: =(AJ38+AJ40+AJ41+AJ42)*B40/1000 -> 0 | AP38: Actual (pcs) | AQ38: =SUM(E38:I38) -> 0 | AR38: =SUM(J38:P38) -> 0 | AS38: =SUM(Q38:W38) -> 0 | AT38: =SUM(X38:AD38) -> 0 | AU38: =SUM(AE38:AI38) -> 0 | AV38: =SUM(AQ38:AU38) -> 0
C39: STD. shot mold O/H | D39: Diff.from plan (pcs.) | E39: =+E38-E36 -> 0 | F39: =+F38-F36 -> 0 | G39: =+G38-G36 -> 0 | H39: =+H38-H36 -> 0 | I39: =+I38-I36 -> 0 | J39: =+J38-J36 -> 0 | K39: =+K38-K36 -> 0 | L39: =+L38-L36 -> 0 | ... AJ39: =+AJ38-AJ36 -> 0 | AL39: =+AJ39*AN36 -> 0 | AM39: =AL41 -> 0 | AN39: % Defect | AP39: Deff.(pcs.) | AQ39: =AQ38-AQ37 -> 0 | AR39: =AR38-AR37 -> 0 | AS39: =AS38-AS37 -> 0 | AT39: =AT38-AT37 -> 0 | AU39: =AU38-AU37 -> 0 | AV39: =SUM(AQ39:AU39) -> 0
C40: 1time/month | D40: Throw away (pcs.) | AJ40: =SUM(E40:AI40) -> 0 | AL40: =+AJ40*AN36 -> 0 | AM40: =AL42 -> 0 | AN40: =+AJ40/AJ38*100 -> #DIV/0! | AO40: =AO38/AO36 -> #DIV/0! | AP40: Throwaway(pcs) | AQ40: =SUM(E40:I40) -> 0 | AR40: =SUM(J40:P40) -> 0 | AS40: =SUM(Q40:W40) -> 0 | AT40: =SUM(X40:AD40) -> 0 | AU40: =SUM(AE40:AI40) -> 0 | AV40: =SUM(AQ40:AU40) -> 0
A41: A7 (75tons) | D41: QC Sample partrol (pcs.) | AJ41: =SUM(E41:AI41) -> 0 | AL41: =+AJ41*AN36 -> 0 | AM41: =AL43 -> 0 | AP41: Throwaway cost (THB) | AQ41: =AQ40*AN36 -> 0 | AR41: =AR40*AN36 -> 0 | AS41: =AS40*AN36 -> 0 | AT41: =AT40*AN36 -> 0 | AU41: =AU40*AN36 -> 0 | AV41: =SUM(AQ41:AU41) -> 0
C42: Screw O/H | D42: INJ. Sample partrol (pcs.) | AJ42: =SUM(E42:AI42) -> 0 | AL42: =+AJ42*AN36 -> 0 | AM42: =AL44 -> 0 | AP42: Production amount(THB) | AQ42: =AQ38*AN36 -> 0 | AR42: =AR38*AN36 -> 0 | AS42: =AS38*AN36 -> 0 | AT42: =AT38*AN36 -> 0 | AU42: =AU38*AN36 -> 0 | AV42: =SUM(AQ42:AU42) -> 0
C43: 300000 | D43: Actual cav. | E43: 1 | F43: 1 | G43: 1 | H43: 1 | I43: 1 | J43: 1 | K43: 1 | L43: 1 | M43: 1 | N43: 1 | O43: 1 | P43: 1 | Q43: 1 | R43: 1 | S43: 1 | T43: 1 | U43: 1 | V43: 1 | W43: 1 | X43: 1 | Y43: 1 | Z43: 1 | AA43: 1 | AB43: 1 | AC43: 1 | AD43: 1 | AE43: 1 | AF43: 1 | AG43: 1 | AH43: 1 | AI43: 1 | AM43: =AL45 -> 0
C44: Trigger line | D44: Shot cont | E44: =SUM(E38+E40+E41+E42)/E43 -> 0 | F44: =SUM(F38+F40+F41+F42)/F43 -> 0 | G44: =SUM(G38+G40+G41+G42)/G43 -> 0 | H44: =SUM(H38+H40+H41+H42)/H43 -> 0 | I44: =SUM(I38+I40+I41+I42)/I43 -> 0 | J44: =SUM(J38+J40+J41+J42)/J43 -> 0 | K44: =SUM(K38+K40+K41+K42)/K43 -> 0 | L44: =SUM(L38+L40+L41+L42)/L43 -> 0 | ... AH44: =SUM(AH38+AH40+AH41+AH42)/AH43 -> 0 | AI44: =SUM(AI38+AI40+AI41)/AI43 -> 0 | AJ44: =SUM(E44:AI44) -> 0 | AM44: =AL46 -> 0
C45: =+C43*0.8 -> 240000 | D45: Mold O/H | AM45: =AL47 -> 0
D46: Actual accumulated shot count | E46: =IF(E45="O/H",E44,0+E44) -> 0 | F46: =IF(F45="O/H",F44,+E46+F44) -> 0 | G46: =IF(G45="O/H",G44,+F46+G44) -> 0 | H46: =IF(H45="O/H",H44,+G46+H44) -> 0 | I46: =IF(I45="O/H",I44,+H46+I44) -> 0 | J46: =IF(J45="O/H",J44,+I46+J44) -> 0 | K46: =IF(K45="O/H",K44,+J46+K44) -> 0 | L46: =IF(L45="O/H",L44,+K46+L44) -> 0 | M46: =IF(M45="O/H",M44,+L46+M44) -> 0 | ... AI46: =IF(AI45="O/H",AI44,+AH46+AI44) -> 0 | AM46: =AL48 -> 0
D47: Total Mold Shot counter Actual | E47: =IF(AND(ISNUMBER(E38)),0+E44) -> FALSE | F47: =IF(AND(ISNUMBER(F38)),E47+F44,"") | G47: =IF(AND(ISNUMBER(G38)),F47+G44,"") | H47: =IF(AND(ISNUMBER(H38)),G47+H44,"") | I47: =IF(AND(ISNUMBER(I38)),H47+I44,"") | J47: =IF(AND(ISNUMBER(J38)),I47+J44,"") | K47: =IF(AND(ISNUMBER(K38)),J47+K44,"") | L47: =IF(AND(ISNUMBER(L38)),K47+L44,"") | M47: =IF(AND(ISNUMBER(M38)),L47+M44,"") | ... AI47: =IF(AND(ISNUMBER(AI38)),AH47+AI44,"") | AM47: =AL49 -> 0
D48: Screw O/H | AM48: =AL50 -> 0
D49: Actual accumulated shot count | E49: =IF(E48="O/H",E44,0+E44) -> 0 | F49: =IF(F48="O/H",F44,+E49+F44) -> 0 | G49: =IF(G48="O/H",G44,+F49+G44) -> 0 | H49: =IF(H48="O/H",H44,+G49+H44) -> 0 | I49: =IF(I48="O/H",I44,+H49+I44) -> 0 | J49: =IF(J48="O/H",J44,+I49+J44) -> 0 | K49: =IF(K48="O/H",K44,+J49+K44) -> 0 | L49: =IF(L48="O/H",L44,+K49+L44) -> 0 | M49: =IF(M48="O/H",M44,+L49+M44) -> 0 | ... AI49: =IF(AI48="O/H",AI44,+AH49+AI44) -> 0 | AM49: =AL51 -> 0
B50: Bar for Ramp Vela-A1 (Carina2) Color Blue | D50: Plan (pcs.) | AJ50: =SUM(Table75[[#This Row],[June''2026]:[Column27]]) -> 0 | AK50: =AJ52 -> 0 | AL50: =+AJ50*AN50 -> 0 | AM50: =AL52 -> 0 | AO50: =Table5[[#This Row],[Total]]*B54/1000 -> 0 | AP50: M/C A7 | AQ50: WK1 | AR50: WK2 | AS50: WK3 | AT50: WK4 | AU50: WK5 | AV50: Total
B51: C53610 | D51: Accumulated shot count | E51: =IF(E50="",0,+ E50/E57) -> 0 | F51: =IF(F50="",0, E51+F50/F57) -> 0 | G51: =IF(G50="",0, F51+G50/G57) -> 0 | H51: =IF(H50="",0, G51+H50/H57) -> 0 | I51: =IF(I50="",0, H51+I50/I57) -> 0 | J51: =IF(J50="",0, I51+J50/J57) -> 0 | K51: =IF(K50="",0, J51+K50/K57) -> 0 | L51: =IF(L50="",0, K51+L50/L57) -> 0 | M51: =IF(M50="",0, L51+M50/M57) -> 0 | ... AI51: =IF(AI50="",0, AH51+AI50/AI57) -> 0 | AM51: =AL53 -> 0 | AP51: Plan (pcs) | AQ51: =SUM(E50:I50) -> 0 | AR51: =SUM(J50:P50) -> 0 | AS51: =SUM(Q50:W50) -> 0 | AT51: =SUM(X50:AD50) -> 0 | AU51: =SUM(AE50:AI50) -> 0 | AV51: =SUM(AQ51:AU51) -> 0
B52: 1/1 cav. | D52: Actual (pcs.) | AJ52: =SUM(E52:AI52) -> 0 | AL52: =+AJ52*AN50 -> 0 | AM52: =AL54 -> 0 | AO52: =(AJ52+AJ54+AJ55+AJ56)*B54/1000 -> 0 | AP52: Actual (pcs) | AQ52: =SUM(E52:I52) -> 0 | AR52: =SUM(J52:P52) -> 0 | AS52: =SUM(Q52:W52) -> 0 | AT52: =SUM(X52:AD52) -> 0 | AU52: =SUM(AE52:AI52) -> 0 | AV52: =SUM(AQ52:AU52) -> 0
C53: STD. shot mold O/H | D53: Diff.from plan (pcs.) | E53: =+E52-E50 -> 0 | F53: =+F52-F50 -> 0 | G53: =+G52-G50 -> 0 | H53: =+H52-H50 -> 0 | I53: =+I52-I50 -> 0 | J53: =+J52-J50 -> 0 | K53: =+K52-K50 -> 0 | L53: =+L52-L50 -> 0 | ... AJ53: =+AJ52-AJ50 -> 0 | AL53: =+AJ53*AN50 -> 0 | AM53: =AL55 -> 0 | AN53: % Defect | AP53: Deff.(pcs.) | AQ53: =AQ52-AQ51 -> 0 | AR53: =AR52-AR51 -> 0 | AS53: =AS52-AS51 -> 0 | AT53: =AT52-AT51 -> 0 | AU53: =AU52-AU51 -> 0 | AV53: =SUM(AQ53:AU53) -> 0
C54: 1time/month | D54: Throw away (pcs.) | AJ54: =SUM(E54:AI54) -> 0 | AL54: =+AJ54*AN50 -> 0 | AM54: =AL56 -> 0 | AN54: =+AJ54/AJ52*100 -> #DIV/0! | AO54: =AO52/AO50 -> #DIV/0! | AP54: Throwaway(pcs) | AQ54: =SUM(E54:I54) -> 0 | AR54: =SUM(J54:P54) -> 0 | AS54: =SUM(Q54:W54) -> 0 | AT54: =SUM(X54:AD54) -> 0 | AU54: =SUM(AE54:AI54) -> 0 | AV54: =SUM(AQ54:AU54) -> 0
A55: A7 (75tons) | D55: QC Sample partrol (pcs.) | AJ55: =SUM(E55:AI55) -> 0 | AL55: =+AJ55*AN50 -> 0 | AM55: =AL57 -> 0 | AP55: Throwaway cost (THB) | AQ55: =AQ54*AN50 -> 0 | AR55: =AR54*AN50 -> 0 | AS55: =AS54*AN50 -> 0 | AT55: =AT54*AN50 -> 0 | AU55: =AU54*AN50 -> 0 | AV55: =SUM(AQ55:AU55) -> 0
C56: Screw O/H | D56: INJ. Sample partrol (pcs.) | AJ56: =SUM(E56:AI56) -> 0 | AL56: =+AJ56*AN50 -> 0 | AM56: =AL58 -> 0 | AP56: Production amount(THB) | AQ56: =AQ52*AN50 -> 0 | AR56: =AR52*AN50 -> 0 | AS56: =AS52*AN50 -> 0 | AT56: =AT52*AN50 -> 0 | AU56: =AU52*AN50 -> 0 | AV56: =SUM(AQ56:AU56) -> 0
C57: 300000 | D57: Actual cav. | E57: 1 | F57: 1 | G57: 1 | H57: 1 | I57: 1 | J57: 1 | K57: 1 | L57: 1 | M57: 1 | N57: 1 | O57: 1 | P57: 1 | Q57: 1 | R57: 1 | S57: 1 | T57: 1 | U57: 1 | V57: 1 | W57: 1 | X57: 1 | Y57: 1 | Z57: 1 | AA57: 1 | AB57: 1 | AC57: 1 | AD57: 1 | AE57: 1 | AF57: 1 | AG57: 1 | AH57: 1 | AI57: 1 | AM57: =AL59 -> 0
C58: Trigger line | D58: Shot cont | E58: =SUM(E52+E54+E55+E56)/E57 -> 0 | F58: =SUM(F52+F54+F55+F56)/F57 -> 0 | G58: =SUM(G52+G54+G55+G56)/G57 -> 0 | H58: =SUM(H52+H54+H55+H56)/H57 -> 0 | I58: =SUM(I52+I54+I55+I56)/I57 -> 0 | J58: =SUM(J52+J54+J55+J56)/J57 -> 0 | K58: =SUM(K52+K54+K55+K56)/K57 -> 0 | L58: =SUM(L52+L54+L55+L56)/L57 -> 0 | ... AH58: =SUM(AH52+AH54+AH55+AH56)/AH57 -> 0 | AI58: =SUM(AI52+AI54+AI55)/AI57 -> 0 | AJ58: =SUM(E58:AI58) -> 0 | AM58: =AL60 -> 0
C59: =+C57*0.8 -> 240000 | D59: Mold O/H | AM59: =AL61 -> 0
D60: Actual accumulated shot count | E60: =IF(E59="O/H",E58,0+E58) -> 0 | F60: =IF(F59="O/H",F58,+E60+F58) -> 0 | G60: =IF(G59="O/H",G58,+F60+G58) -> 0 | H60: =IF(H59="O/H",H58,+G60+H58) -> 0 | I60: =IF(I59="O/H",I58,+H60+I58) -> 0 | J60: =IF(J59="O/H",J58,+I60+J58) -> 0 | K60: =IF(K59="O/H",K58,+J60+K58) -> 0 | L60: =IF(L59="O/H",L58,+K60+L58) -> 0 | M60: =IF(M59="O/H",M58,+L60+M58) -> 0 | ... AI60: =IF(AI59="O/H",AI58,+AH60+AI58) -> 0 | AM60: =AL62 -> 0
D61: Screw O/H | AM61: =AL63 -> 0
D62: Actual accumulated shot count | E62: =IF(E61="O/H",E58,0+E58) -> 0 | F62: =IF(F61="O/H",F58,+E62+F58) -> 0 | G62: =IF(G61="O/H",G58,+F62+G58) -> 0 | H62: =IF(H61="O/H",H58,+G62+H58) -> 0 | I62: =IF(I61="O/H",I58,+H62+I58) -> 0 | J62: =IF(J61="O/H",J58,+I62+J58) -> 0 | K62: =IF(K61="O/H",K58,+J62+K58) -> 0 | L62: =IF(L61="O/H",L58,+K62+L58) -> 0 | M62: =IF(M61="O/H",M58,+L62+M58) -> 0 | ... AI62: =IF(AI61="O/H",AI58,+AH62+AI58) -> 0 | AM62: =AL64 -> 0
B63: Tray Ramp London (H) | D63: Plan (pcs.) | AJ63: =SUM(Table75[[#This Row],[June''2026]:[Column27]]) -> 0 | AK63: =AJ65 -> 0 | AL63: =+AJ63*AN63 -> 0 | AM63: =AL65 -> 0 | AO63: =Table5[[#This Row],[Total]]*B67/1000 -> 0 | AP63: M/C H18 | AQ63: WK1 | AR63: WK2 | AS63: WK3 | AT63: WK4 | AU63: WK5 | AV63: Total
D64: Accumulated shot count | E64: =IF(E63="",0,+ E63/E70) -> 0 | F64: =IF(F63="",0, E64+F63/F70) -> 0 | G64: =IF(G63="",0, F64+G63/G70) -> 0 | H64: =IF(H63="",0, G64+H63/H70) -> 0 | I64: =IF(I63="",0, H64+I63/I70) -> 0 | J64: =IF(J63="",0, I64+J63/J70) -> 0 | K64: =IF(K63="",0, J64+K63/K70) -> 0 | L64: =IF(L63="",0, K64+L63/L70) -> 0 | M64: =IF(M63="",0, L64+M63/M70) -> 0 | ... AI64: =IF(AI63="",0, AH64+AI63/AI70) -> 0 | AM64: =AL66 -> 0 | AP64: Plan (pcs) | AQ64: =SUM(E63:I63) -> 0 | AR64: =SUM(J63:P63) -> 0 | AS64: =SUM(Q63:W63) -> 0 | AT64: =SUM(X63:AD63) -> 0 | AU64: =SUM(AE63:AI63) -> 0 | AV64: =SUM(AQ64:AU64) -> 0
B65: 1/1 cav. | D65: Actual (pcs.) | AJ65: =SUM(E65:AI65) -> 0 | AL65: =+AJ65*AN63 -> 0 | AM65: =AL67 -> 0 | AO65: =(AJ65+AJ67+AJ68+AJ69)*B67/1000 -> 0 | AP65: Actual (pcs) | AQ65: =SUM(E65:I65) -> 0 | AR65: =SUM(J65:P65) -> 0 | AS65: =SUM(Q65:W65) -> 0 | AT65: =SUM(X65:AD65) -> 0 | AU65: =SUM(AE65:AI65) -> 0 | AV65: =SUM(AQ65:AU65) -> 0
C66: STD. shot mold O/H | D66: Diff.from plan (pcs.) | E66: =+E65-E63 -> 0 | F66: =+F65-F63 -> 0 | G66: =+G65-G63 -> 0 | H66: =+H65-H63 -> 0 | I66: =+I65-I63 -> 0 | J66: =+J65-J63 -> 0 | K66: =+K65-K63 -> 0 | L66: =+L65-L63 -> 0 | ... AJ66: =+AJ65-AJ63 -> 0 | AL66: =+AJ66*AN63 -> 0 | AM66: =AL68 -> 0 | AN66: % Defect | AP66: Deff.(pcs.) | AQ66: =AQ65-AQ64 -> 0 | AR66: =AR65-AR64 -> 0 | AS66: =AS65-AS64 -> 0 | AT66: =AT65-AT64 -> 0 | AU66: =AU65-AU64 -> 0 | AV66: =SUM(AQ66:AU66) -> 0
C67: 1time/month | D67: Throw away (pcs.) | AJ67: =SUM(E67:AI67) -> 0 | AL67: =+AJ67*AN63 -> 0 | AM67: =AL69 -> 0 | AN67: =+AJ67/AJ65*100 -> #DIV/0! | AO67: =AO65/AO63 -> #DIV/0! | AP67: Throwaway(pcs) | AQ67: =SUM(E67:I67) -> 0 | AR67: =SUM(J67:P67) -> 0 | AS67: =SUM(Q67:W67) -> 0 | AT67: =SUM(X67:AD67) -> 0 | AU67: =SUM(AE67:AI67) -> 0 | AV67: =SUM(AQ67:AU67) -> 0
A68: H18 (130tons) | D68: QC Sample partrol (pcs.) | AJ68: =SUM(E68:AI68) -> 0 | AL68: =+AJ68*AN63 -> 0 | AM68: =AL70 -> 0 | AP68: Throwaway cost (THB) | AQ68: =AQ67*AN63 -> 0 | AR68: =AR67*AN63 -> 0 | AS68: =AS67*AN63 -> 0 | AT68: =AT67*AN63 -> 0 | AU68: =AU67*AN63 -> 0 | AV68: =SUM(AQ68:AU68) -> 0
C69: Screw O/H | D69: INJ. Sample partrol (pcs.) | AJ69: =SUM(E69:AI69) -> 0 | AL69: =+AJ69*AN63 -> 0 | AM69: =AL71 -> 0 | AP69: Production amount(THB) | AQ69: =AQ65*AN63 -> 0 | AR69: =AR65*AN63 -> 0 | AS69: =AS65*AN63 -> 0 | AT69: =AT65*AN63 -> 0 | AU69: =AU65*AN63 -> 0 | AV69: =SUM(AQ69:AU69) -> 0
C70: 300000 | D70: Actual cav. | E70: 1 | F70: 1 | G70: 1 | H70: 1 | I70: 1 | J70: 1 | K70: 1 | L70: 1 | M70: 1 | N70: 1 | O70: 1 | P70: 1 | Q70: 1 | R70: 1 | S70: 1 | T70: 1 | U70: 1 | V70: 1 | W70: 1 | X70: 1 | Y70: 1 | Z70: 1 | AA70: 1 | AB70: 1 | AC70: 1 | AD70: 1 | AE70: 1 | AF70: 1 | AG70: 1 | AH70: 1 | AI70: 1 | AM70: =AL72 -> 0
C71: Trigger line | D71: Shot cont | E71: =SUM(E65+E67+E68+E69)/E70 -> 0 | F71: =SUM(F65+F67+F68+F69)/F70 -> 0 | G71: =SUM(G65+G67+G68+G69)/G70 -> 0 | H71: =SUM(H65+H67+H68+H69)/H70 -> 0 | I71: =SUM(I65+I67+I68+I69)/I70 -> 0 | J71: =SUM(J65+J67+J68+J69)/J70 -> 0 | K71: =SUM(K65+K67+K68+K69)/K70 -> 0 | L71: =SUM(L65+L67+L68+L69)/L70 -> 0 | ... AH71: =SUM(AH65+AH67+AH68+AH69)/AH70 -> 0 | AI71: =SUM(AI65+AI67+AI68)/AI70 -> 0 | AJ71: =SUM(E71:AI71) -> 0 | AM71: =AL73 -> 0
C72: =+C70*0.8 -> 240000 | D72: Mold O/H | AM72: =AL74 -> 0
D73: Actual accumulated shot count | E73: =IF(E72="O/H",E71,0+E71) -> 0 | F73: =IF(F72="O/H",F71,+E73+F71) -> 0 | G73: =IF(G72="O/H",G71,+F73+G71) -> 0 | H73: =IF(H72="O/H",H71,+G73+H71) -> 0 | I73: =IF(I72="O/H",I71,+H73+I71) -> 0 | J73: =IF(J72="O/H",J71,+I73+J71) -> 0 | K73: =IF(K72="O/H",K71,+J73+K71) -> 0 | L73: =IF(L72="O/H",L71,+K73+L71) -> 0 | M73: =IF(M72="O/H",M71,+L73+M71) -> 0 | ... AI73: =IF(AI72="O/H",AI71,+AH73+AI71) -> 0 | AM73: =AL75 -> 0
D74: Total Mold Shot counter Actual | E74: =IF(AND(ISNUMBER(E65)),386302+E71) -> FALSE | F74: =IF(AND(ISNUMBER(F65)),E74+F71,"") | G74: =IF(AND(ISNUMBER(G65)),F74+G71,"") | H74: =IF(AND(ISNUMBER(H65)),G74+H71,"") | I74: =IF(AND(ISNUMBER(I65)),H74+I71,"") | J74: =IF(AND(ISNUMBER(J65)),I74+J71,"") | K74: =IF(AND(ISNUMBER(K65)),J74+K71,"") | L74: =IF(AND(ISNUMBER(L65)),K74+L71,"") | M74: =IF(AND(ISNUMBER(M65)),L74+M71,"") | ... AI74: =IF(AND(ISNUMBER(AI65)),AH74+AI71,"") | AM74: =AL76 -> 0
D75: Screw O/H | AM75: =AL77 -> 0
D76: Actual accumulated shot count | E76: =IF(E75="O/H",E71,0+E71) -> 0 | F76: =IF(F75="O/H",F71,+E76+F71) -> 0 | G76: =IF(G75="O/H",G71,+F76+G71) -> 0 | H76: =IF(H75="O/H",H71,+G76+H71) -> 0 | I76: =IF(I75="O/H",I71,+H76+I71) -> 0 | J76: =IF(J75="O/H",J71,+I76+J71) -> 0 | K76: =IF(K75="O/H",K71,+J76+K71) -> 0 | L76: =IF(L75="O/H",L71,+K76+L71) -> 0 | M76: =IF(M75="O/H",M71,+L76+M71) -> 0 | ... AI76: =IF(AI75="O/H",AI71,+AH76+AI71) -> 0 | AM76: =AL78 -> 0
B77: Bar Ramp London (H) | D77: Plan (pcs.) | AK77: =AJ79 -> 0 | AL77: =+AJ77*AN77 -> 0 | AM77: =AL79 -> 0 | AO77: =Table5[[#This Row],[Total]]*B81/1000 -> 0 | AP77: M/C H18 | AQ77: WK1 | AR77: WK2 | AS77: WK3 | AT77: WK4 | AU77: WK5 | AV77: Total
D78: Accumulated shot count | E78: =IF(E77="",0,+ E77/E84) -> 0 | F78: =IF(F77="",0, E78+F77/F84) -> 0 | G78: =IF(G77="",0, F78+G77/G84) -> 0 | H78: =IF(H77="",0, G78+H77/H84) -> 0 | I78: =IF(I77="",0, H78+I77/I84) -> 0 | J78: =IF(J77="",0, I78+J77/J84) -> 0 | K78: =IF(K77="",0, J78+K77/K84) -> 0 | L78: =IF(L77="",0, K78+L77/L84) -> 0 | M78: =IF(M77="",0, L78+M77/M84) -> 0 | ... AI78: =IF(AI77="",0, AH78+AI77/AI84) -> 0 | AM78: =AL80 -> 0 | AP78: Plan (pcs) | AQ78: =SUM(E77:I77) -> 0 | AR78: =SUM(J77:P77) -> 0 | AS78: =SUM(Q77:W77) -> 0 | AT78: =SUM(X77:AD77) -> 0 | AU78: =SUM(AE77:AI77) -> 0 | AV78: =SUM(AQ78:AU78) -> 0
B79: 1/1 cav. | D79: Actual (pcs.) | AJ79: =SUM(E79:AI79) -> 0 | AL79: =+AJ79*AN77 -> 0 | AM79: =AL81 -> 0 | AO79: =(AJ79+AJ81+AJ82+AJ83)*B81/1000 -> 0 | AP79: Actual (pcs) | AQ79: =SUM(E79:I79) -> 0 | AR79: =SUM(J79:P79) -> 0 | AS79: =SUM(Q79:W79) -> 0 | AT79: =SUM(X79:AD79) -> 0 | AU79: =SUM(AE79:AI79) -> 0 | AV79: =SUM(AQ79:AU79) -> 0
C80: STD. shot mold O/H | D80: Diff.from plan (pcs.) | E80: =+E79-E77 -> 0 | F80: =+F79-F77 -> 0 | G80: =+G79-G77 -> 0 | H80: =+H79-H77 -> 0 | I80: =+I79-I77 -> 0 | J80: =+J79-J77 -> 0 | K80: =+K79-K77 -> 0 | L80: =+L79-L77 -> 0 | ... AJ80: =+AJ79-AJ77 -> 0 | AL80: =+AJ80*AN77 -> 0 | AM80: =AL82 -> 0 | AN80: % Defect | AP80: Deff.(pcs.) | AQ80: =AQ79-AQ78 -> 0 | AR80: =AR79-AR78 -> 0 | AS80: =AS79-AS78 -> 0 | AT80: =AT79-AT78 -> 0 | AU80: =AU79-AU78 -> 0 | AV80: =SUM(AQ80:AU80) -> 0
C81: 1time/month | D81: Throw away (pcs.) | AJ81: =SUM(E81:AI81) -> 0 | AL81: =+AJ81*AN77 -> 0 | AM81: =AL83 -> 0 | AN81: =+AJ81/AJ79*100 -> #DIV/0! | AO81: =AO79/AO77 -> #DIV/0! | AP81: Throwaway(pcs) | AQ81: =SUM(E81:I81) -> 0 | AR81: =SUM(J81:P81) -> 0 | AS81: =SUM(Q81:W81) -> 0 | AT81: =SUM(X81:AD81) -> 0 | AU81: =SUM(AE81:AI81) -> 0 | AV81: =SUM(AQ81:AU81) -> 0
A82: H18 (130tons) | D82: QC Sample partrol (pcs.) | AJ82: =SUM(E82:AI82) -> 0 | AL82: =+AJ82*AN77 -> 0 | AM82: =AL84 -> 0 | AP82: Throwaway cost (THB) | AQ82: =AQ81*AN77 -> 0 | AR82: =AR81*AN77 -> 0 | AS82: =AS81*AN77 -> 0 | AT82: =AT81*AN77 -> 0 | AU82: =AU81*AN77 -> 0 | AV82: =SUM(AQ82:AU82) -> 0
C83: Screw O/H | D83: INJ. Sample partrol (pcs.) | AJ83: =SUM(E83:AI83) -> 0 | AL83: =+AJ83*AN77 -> 0 | AM83: =AL85 -> 0 | AP83: Production amount(THB) | AQ83: =AQ79*AN77 -> 0 | AR83: =AR79*AN77 -> 0 | AS83: =AS79*AN77 -> 0 | AT83: =AT79*AN77 -> 0 | AU83: =AU79*AN77 -> 0 | AV83: =SUM(AQ83:AU83) -> 0
C84: 300000 | D84: Actual cav. | E84: 1 | F84: 1 | G84: 1 | H84: 1 | I84: 1 | J84: 1 | K84: 1 | L84: 1 | M84: 1 | N84: 1 | O84: 1 | P84: 1 | Q84: 1 | R84: 1 | S84: 1 | T84: 1 | U84: 1 | V84: 1 | W84: 1 | X84: 1 | Y84: 1 | Z84: 1 | AA84: 1 | AB84: 1 | AC84: 1 | AD84: 1 | AE84: 1 | AF84: 1 | AG84: 1 | AH84: 1 | AI84: 1 | AM84: =AL86 -> 0
C85: Trigger line | D85: Shot cont | E85: =SUM(E79+E81+E82+E83)/E84 -> 0 | F85: =SUM(F79+F81+F82+F83)/F84 -> 0 | G85: =SUM(G79+G81+G82+G83)/G84 -> 0 | H85: =SUM(H79+H81+H82+H83)/H84 -> 0 | I85: =SUM(I79+I81+I82+I83)/I84 -> 0 | J85: =SUM(J79+J81+J82+J83)/J84 -> 0 | K85: =SUM(K79+K81+K82+K83)/K84 -> 0 | L85: =SUM(L79+L81+L82+L83)/L84 -> 0 | ... AH85: =SUM(AH79+AH81+AH82+AH83)/AH84 -> 0 | AI85: =SUM(AI79+AI81+AI82)/AI84 -> 0 | AJ85: =SUM(E85:AI85) -> 0 | AM85: =AL87 -> 0
C86: =+C84*0.8 -> 240000 | D86: Mold O/H | AM86: =AL88 -> 0
D87: Actual accumulated shot count | E87: =IF(E86="O/H",E85,0+E85) -> 0 | F87: =IF(F86="O/H",F85,+E87+F85) -> 0 | G87: =IF(G86="O/H",G85,+F87+G85) -> 0 | H87: =IF(H86="O/H",H85,+G87+H85) -> 0 | I87: =IF(I86="O/H",I85,+H87+I85) -> 0 | J87: =IF(J86="O/H",J85,+I87+J85) -> 0 | K87: =IF(K86="O/H",K85,+J87+K85) -> 0 | L87: =IF(L86="O/H",L85,+K87+L85) -> 0 | M87: =IF(M86="O/H",M85,+L87+M85) -> 0 | ... AI87: =IF(AI86="O/H",AI85,+AH87+AI85) -> 0 | AM87: =AL89 -> 0
D88: Screw O/H | AM88: =AL90 -> 0
D89: Actual accumulated shot count | E89: =IF(E88="O/H",E85,0+E85) -> 0 | F89: =IF(F88="O/H",F85,+E89+F85) -> 0 | G89: =IF(G88="O/H",G85,+F89+G85) -> 0 | H89: =IF(H88="O/H",H85,+G89+H85) -> 0 | I89: =IF(I88="O/H",I85,+H89+I85) -> 0 | J89: =IF(J88="O/H",J85,+I89+J85) -> 0 | K89: =IF(K88="O/H",K85,+J89+K85) -> 0 | L89: =IF(L88="O/H",L85,+K89+L85) -> 0 | M89: =IF(M88="O/H",M85,+L89+M85) -> 0 | ... AI89: =IF(AI88="O/H",AI85,+AH89+AI85) -> 0 | AM89: =AL91 -> 0
B90: Tray for Ramp Sydney-E (N) (NEW DESIGN) | D90: Plan (pcs.) | AJ90: =SUM(Table75[[#This Row],[June''2026]:[Column27]]) -> 0 | AK90: =AJ92 -> 0 | AL90: =+AJ90*AN90 -> 0 | AM90: =AL92 -> 0 | AO90: =Table5[[#This Row],[Total]]*B94/1000 -> 0 | AP90: M/C A6 | AQ90: WK1 | AR90: WK2 | AS90: WK3 | AT90: WK4 | AU90: WK5 | AV90: Total
B91: 0F58558-T1 | D91: Accumulated shot count | E91: =IF(E90="",0,+ E90/E97) -> 0 | F91: =IF(F90="",0, E91+F90/F97) -> 0 | G91: =IF(G90="",0, F91+G90/G97) -> 0 | H91: =IF(H90="",0, G91+H90/H97) -> 0 | I91: =IF(I90="",0, H91+I90/I97) -> 0 | J91: =IF(J90="",0, I91+J90/J97) -> 0 | K91: =IF(K90="",0, J91+K90/K97) -> 0 | L91: =IF(L90="",0, K91+L90/L97) -> 0 | M91: =IF(M90="",0, L91+M90/M97) -> 0 | ... AI91: =IF(AI90="",0, AH91+AI90/AI97) -> 0 | AM91: =AL93 -> 0 | AP91: Plan (pcs) | AQ91: =SUM(E90:I90) -> 0 | AR91: =SUM(J90:P90) -> 0 | AS91: =SUM(Q90:W90) -> 0 | AT91: =SUM(X90:AD90) -> 0 | AU91: =SUM(AE90:AI90) -> 0 | AV91: =SUM(AQ91:AU91) -> 0
B92: 1/1 cav. | D92: Actual (pcs.) | AJ92: =SUM(E92:AI92) -> 0 | AL92: =+AJ92*AN90 -> 0 | AM92: =AL94 -> 0 | AO92: =(AJ92+AJ94+AJ95+AJ96)*B94/1000 -> 0 | AP92: Actual (pcs) | AQ92: =SUM(E92:I92) -> 0 | AR92: =SUM(J92:P92) -> 0 | AS92: =SUM(Q92:W92) -> 0 | AT92: =SUM(X92:AD92) -> 0 | AU92: =SUM(AE92:AI92) -> 0 | AV92: =SUM(AQ92:AU92) -> 0
C93: STD. shot mold O/H | D93: Diff.from plan (pcs.) | E93: =+E92-E90 -> 0 | F93: =+F92-F90 -> 0 | G93: =+G92-G90 -> 0 | H93: =+H92-H90 -> 0 | I93: =+I92-I90 -> 0 | J93: =+J92-J90 -> 0 | K93: =+K92-K90 -> 0 | L93: =+L92-L90 -> 0 | ... AJ93: =+AJ92-AJ90 -> 0 | AL93: =+AJ93*AN90 -> 0 | AM93: =AL95 -> 0 | AN93: % Defect | AP93: Deff.(pcs.) | AQ93: =AQ92-AQ91 -> 0 | AR93: =AR92-AR91 -> 0 | AS93: =AS92-AS91 -> 0 | AT93: =AT92-AT91 -> 0 | AU93: =AU92-AU91 -> 0 | AV93: =SUM(AQ93:AU93) -> 0
C94: 1time/month | D94: Throw away (pcs.) | AJ94: =SUM(E94:AI94) -> 0 | AL94: =+AJ94*AN90 -> 0 | AM94: =AL96 -> 0 | AN94: =+AJ94/AJ92*100 -> #DIV/0! | AO94: =AO92/AO90 -> #DIV/0! | AP94: Throwaway(pcs) | AQ94: =SUM(E94:I94) -> 0 | AR94: =SUM(J94:P94) -> 0 | AS94: =SUM(Q94:W94) -> 0 | AT94: =SUM(X94:AD94) -> 0 | AU94: =SUM(AE94:AI94) -> 0 | AV94: =SUM(AQ94:AU94) -> 0
A95: A6 (75tons) | D95: QC Sample partrol (pcs.) | AJ95: =SUM(E95:AI95) -> 0 | AL95: =+AJ95*AN90 -> 0 | AM95: =AL97 -> 0 | AP95: Throwaway cost (THB) | AQ95: =AQ94*AN90 -> 0 | AR95: =AR94*AN90 -> 0 | AS95: =AS94*AN90 -> 0 | AT95: =AT94*AN90 -> 0 | AU95: =AU94*AN90 -> 0 | AV95: =SUM(AQ95:AU95) -> 0
C96: Screw O/H | D96: INJ. Sample partrol (pcs.) | AJ96: =SUM(E96:AI96) -> 0 | AL96: =+AJ96*AN90 -> 0 | AM96: =AL98 -> 0 | AP96: Production amount(THB) | AQ96: =AQ92*AN90 -> 0 | AR96: =AR92*AN90 -> 0 | AS96: =AS92*AN90 -> 0 | AT96: =AT92*AN90 -> 0 | AU96: =AU92*AN90 -> 0 | AV96: =SUM(AQ96:AU96) -> 0
C97: 300000 | D97: Actual cav. | E97: 1 | F97: 1 | G97: 1 | H97: 1 | I97: 1 | J97: 1 | K97: 1 | L97: 1 | M97: 1 | N97: 1 | O97: 1 | P97: 1 | Q97: 1 | R97: 1 | S97: 1 | T97: 1 | U97: 1 | V97: 1 | W97: 1 | X97: 1 | Y97: 1 | Z97: 1 | AA97: 1 | AB97: 1 | AC97: 1 | AD97: 1 | AE97: 1 | AF97: 1 | AG97: 1 | AH97: 1 | AI97: 1 | AM97: =AL99 -> 0
C98: Trigger line | D98: Shot cont | E98: =SUM(E92+E94+E95+E96)/E97 -> 0 | F98: =SUM(F92+F94+F95+F96)/F97 -> 0 | G98: =SUM(G92+G94+G95+G96)/G97 -> 0 | H98: =SUM(H92+H94+H95+H96)/H97 -> 0 | I98: =SUM(I92+I94+I95+I96)/I97 -> 0 | J98: =SUM(J92+J94+J95+J96)/J97 -> 0 | K98: =SUM(K92+K94+K95+K96)/K97 -> 0 | L98: =SUM(L92+L94+L95+L96)/L97 -> 0 | ... AH98: =SUM(AH92+AH94+AH95+AH96)/AH97 -> 0 | AI98: =SUM(AI92+AI94+AI95)/AI97 -> 0 | AJ98: =SUM(E98:AI98) -> 0 | AM98: =AL100 -> 0
C99: =+C97*0.8 -> 240000 | D99: Mold O/H | AM99: =AL101 -> 0
D100: Actual accumulated shot count | E100: =IF(E99="O/H",E98,0+E98) -> 0 | F100: =IF(F99="O/H",F98,+E100+F98) -> 0 | G100: =IF(G99="O/H",G98,+F100+G98) -> 0 | H100: =IF(H99="O/H",H98,+G100+H98) -> 0 | I100: =IF(I99="O/H",I98,+H100+I98) -> 0 | J100: =IF(J99="O/H",J98,+I100+J98) -> 0 | K100: =IF(K99="O/H",K98,+J100+K98) -> 0 | L100: =IF(L99="O/H",L98,+K100+L98) -> 0 | M100: =IF(M99="O/H",M98,+L100+M98) -> 0 | ... AI100: =IF(AI99="O/H",AI98,+AH100+AI98) -> 0 | AM100: =AL102 -> 0
D101: Total Mold Shot counter Actual | E101: =IF(AND(ISNUMBER(E92)),196359+E98) -> FALSE | F101: =IF(AND(ISNUMBER(F92)),E101+F98,"") | G101: =IF(AND(ISNUMBER(G92)),F101+G98,"") | H101: =IF(AND(ISNUMBER(H92)),G101+H98,"") | I101: =IF(AND(ISNUMBER(I92)),H101+I98,"") | J101: =IF(AND(ISNUMBER(J92)),I101+J98,"") | K101: =IF(AND(ISNUMBER(K92)),J101+K98,"") | L101: =IF(AND(ISNUMBER(L92)),K101+L98,"") | M101: =IF(AND(ISNUMBER(M92)),L101+M98,"") | ... AI101: =IF(AND(ISNUMBER(AI92)),AH101+AI98,"") | AM101: =AL103 -> 0
...

Sheet SUMMARY
B1: 1. Monitoring PD Output accumulated (each Product group)
B3: PD Output | C3: Ramp | D3: HDD (Air/Bobbin/Latch/ Filter case/TC/BR) | E3: AUTO | F3: SEAGATE | G3: Belton | I3: TTL Product | J3: Tray | K3: TTL w/ Tray
A4: Quantity | B4: Plan | C4: ='Daily Ramp'!AJ520 -> 3120000 | D4: ='Daily WDC'!AJ583+'Daily Nidec'!AJ50+'Daily Fujikura'!AJ51+'Daily Belton'!AJ65 -> 4039000 | E4: ='Daily Advics'!AJ79+'Daily TRT '!AJ237+'Daily Yazaki'!AJ177 -> 850000 | F4: ='Daily Seagate'!AJ23 -> 0 | I4: =SUM(C4:F4) -> 8009000 | K4: =I4+J4 -> 8009000 | L4: Pcs.
B5: Actual | C5: ='Daily Ramp'!AJ521 -> 2793222 | D5: ='Daily WDC'!AJ584+'Daily Nidec'!AJ51+'Daily Fujikura'!AJ52+'Daily Belton'!AJ66 -> 3423884 | E5: ='Daily Advics'!AJ80+'Daily TRT '!AJ238+'Daily Yazaki'!AJ178 -> 719124 | F5: ='Daily Seagate'!AJ24 -> 0 | I5: =SUM(C5:F5) -> 6936230 | K5: =I5+J5 -> 6936230 | L5: Pcs.
B6: Diff. (pcs.) | C6: =C5-C4 -> -326778 | D6: =D5-D4 -> -615116 | E6: =E5-E4 -> -130876 | F6: =F5-F4 -> 0 | I6: =I5-I4 -> -1072770 | K6: =K5-K4 -> -1072770
B7: %Achievement | C7: =C5/C4 -> 0.89526346 | D7: =D5/D4 -> 0.84770587 | E7: =E5/E4 -> 0.84602824 | F7: =F5/F4 -> #DIV/0! | I7: =I5/I4 -> 0.86605444 | K7: =K5/K4 -> 0.86605444
A8: Amount | B8: Plan | C8: ='Daily Ramp'!AL520 -> 16104081 | D8: ='Daily WDC'!AL583+'Daily Nidec'!AL50+'Daily Fujikura'!AL51+'Daily Belton'!AL65 -> 16162855 | E8: ='Daily Advics'!AL79+'Daily TRT '!AL237+'Daily Yazaki'!AL177 -> 2773007 | F8: ='Daily Seagate'!AL23 -> 0 | I8: =SUM(C8:F8) -> 35039943 | L8: THB
B9: Actual | C9: ='Daily Ramp'!AL521 -> 13371259 | D9: ='Daily WDC'!AL584+'Daily Nidec'!AL51+'Daily Fujikura'!AL52+'Daily Belton'!AL66 -> 14120181 | E9: ='Daily Advics'!AL80+'Daily TRT '!AL238+'Daily Yazaki'!AL178 -> 2007694.8 | F9: ='Daily Seagate'!AV37 -> 0 | I9: =SUM(C9:F9) -> 29499135 | K9: =I9+J9 -> 29499135 | L9: THB
B10: Diff. (THB) | C10: =C9-C8 -> -2732822.4 | D10: =D9-D8 -> -2042674 | E10: =E9-E8 -> -765312.21 | F10: =F9-F8 -> 0 | G10: =G9-G8 -> 0 | H10: =H9-H8 -> 0 | I10: =I9-I8 -> -5540808.6
B11: % Achievement | C11: =C9/C8 -> 0.83030249 | D11: =D9/D8 -> 0.87361923 | E11: =E9/E8 -> 0.7240136 | F11: =F9/F8 -> #DIV/0! | G11: =G9/G8 -> #DIV/0! | H11: =H9/H8 -> #DIV/0! | I11: =I9/I8 -> 0.84187164
B12: Throwaway cost (THB) | C12: ='Daily Ramp'!AV532 -> 559415.35 | D12: ='Daily WDC'!AV596+'Daily Nidec'!AV63+'Daily Fujikura'!AV64+'Daily Belton'!AV78 -> 170940.24 | E12: ='Daily Advics'!AV91+'Daily TRT '!AV249+'Daily Yazaki'!AV190 -> 41092.455 | F12: ='Daily Seagate'!AV36 -> 0 | I12: =SUM(C12:F12) -> 771448.04
B13: % Throwaway | C13: =C12/C9 -> 0.04183715 | D13: =D12/D9 -> 0.012106094 | E13: =E12/E9 -> 0.020467481 | F13: =F12/F9 -> #DIV/0! | G13: =G12/G9 -> #DIV/0! | H13: =H12/H9 -> #DIV/0! | I13: =I12/I9 -> 0.026151548
A15: Q'ty | B15: Actual | C15: =ROUND(C5/1000000,1)&" Mpcs." -> 2.8 Mpcs. | D15: =ROUND(D5/1000000,1)&" Mpcs." -> 3.4 Mpcs. | E15: =ROUND(E5/1000000,1)&" Mpcs." -> 0.7 Mpcs. | F15: =ROUND(F5/1000,1)&" Kpcs." -> 0 Kpcs. | G15: =ROUND(G4/1000000,1)&" Mpcs." -> 0 Mpcs. | H15: =ROUND(H4/1000000,1)&" Mpcs." -> 0 Mpcs. | I15: =ROUND(I5/1000000,1)&" Mpcs." -> 6.9 Mpcs.
B16: Diff. | C16: =ROUND(C6/1000000,1)&" Mpcs." -> -0.3 Mpcs. | D16: =ROUND(D6/1000000,1)&" Mpcs." -> -0.6 Mpcs. | E16: =ROUND(E6/1000000,1)&" Mpcs." -> -0.1 Mpcs. | F16: =ROUND(F6/1000,1)&" Kpcs." -> 0 Kpcs. | G16: =ROUND(G6/1000000,1)&" Mpcs." -> 0 Mpcs. | H16: =ROUND(H6/1000000,1)&" Mpcs." -> 0 Mpcs. | I16: =ROUND(I6/1000000,1)&" Mpcs." -> -1.1 Mpcs.
B17: Plan | C17: =ROUND(C4/1000000,1)&" Mpcs." -> 3.1 Mpcs. | D17: =ROUND(D4/1000000,1)&" Mpcs." -> 4 Mpcs. | E17: =ROUND(E4/1000000,1)&" Mpcs." -> 0.9 Mpcs. | F17: =ROUND(F4/1000,1)&" Kpcs." -> 0 Kpcs. | G17: =ROUND(G4/1000000,1)&" Mpcs." -> 0 Mpcs. | H17: =ROUND(H4/1000000,1)&" Mpcs." -> 0 Mpcs. | I17: =ROUND(I4/1000000,1)&" Mpcs." -> 8 Mpcs.
B18: %Achievement | C18: =C7 -> 0.89526346 | D18: =D7 -> 0.84770587 | E18: =E7 -> 0.84602824 | F18: =F7 -> #DIV/0! | G18: =G7 -> 0 | H18: =H7 -> 0 | I18: =I7 -> 0.86605444
A19: Amount | B19: Actual | C19: =ROUND(C9/1000000,1)&" MB" -> 13.4 MB | D19: =ROUND(D9/1000000,1)&" MB" -> 14.1 MB | E19: =ROUND(E9/1000000,1)&" MB" -> 2 MB | F19: =ROUND(F9/1000000,1)&" MB" -> 0 MB | G19: =ROUND(G9/1000000,1)&" MB" -> 0 MB | H19: =ROUND(H9/1000000,1)&" MB" -> 0 MB | I19: =ROUND(I9/1000000,1)&" MB" -> 29.5 MB
B20: Diff. | C20: =ROUND(C10/1000000,1)&" MB" -> -2.7 MB | D20: =ROUND(D10/1000000,1)&" MB" -> -2 MB | E20: =ROUND(E10/1000000,1)&" MB" -> -0.8 MB | F20: =ROUND(F10/1000000,1)&" MB" -> 0 MB | G20: =ROUND(G10/1000000,1)&" MB" -> 0 MB | H20: =ROUND(H10/1000000,1)&" MB" -> 0 MB | I20: =ROUND(I10/1000000,1)&" MB" -> -5.5 MB
B21: Plan | C21: =ROUND(C8/1000000,1)&" MB" -> 16.1 MB | D21: =ROUND(D8/1000000,1)&" MB" -> 16.2 MB | E21: =ROUND(E8/1000000,1)&" MB" -> 2.8 MB | F21: =ROUND(F8/1000000,1)&" MB" -> 0 MB | G21: =ROUND(G8/1000000,1)&" MB" -> 0 MB | H21: =ROUND(H8/1000000,1)&" MB" -> 0 MB | I21: =ROUND(I8/1000000,1)&" MB" -> 35 MB
B22: %Achievement | C22: =C11 -> 0.83030249 | D22: =D11 -> 0.87361923 | E22: =E11 -> 0.7240136 | F22: =F11 -> #DIV/0! | G22: =G11 -> #DIV/0! | H22: =H11 -> #DIV/0! | I22: =I11 -> 0.84187164
B37: 2. Material Usage Monitoring
A38: No. | B38: Material name | C38: Ratio | D38: Plan Usage (kg.) | E38: Actual Usage (kg.) | F38: %Usage
A39: 1 | B39: Tenac-C_RD450 V66810R | C39: 1
A40: 2 | B40: Tenac-C_RD450 V66810R | C40: 50:50

Sheet Daily Advics
D4: Rev.1
A5: Production Daily Output for Automotive part in June 2026
A6: INJ sent to TL and related section before noon.
A7: M/C No. | B7: Part Name | C7: Std. O/H (Shot) | D7: Date | E7: June'2026 | F7: Column1 | G7: Column2 | H7: Column3 | I7: Column4 | J7: Column5 | K7: Column6 | L7: Column7 | M7: Column8 | N7: Column9 | O7: Column10 | P7: Column11 | Q7: Column12 | R7: Column13 | S7: Column14 | T7: Column15 | U7: Column16 | V7: Column17 | W7: Column18 | X7: Column19 | Y7: Column20 | Z7: Column21 | AA7: Column22 | AB7: Column23 | AC7: Column24 | AD7: Column25 | AE7: Column26 | AF7: Column262 | AG7: Column263 | AH7: Column264 | AI7: Column27 | AJ7: Total | AK7: Total Act. (pcs.) | AL7: Sale/Bahts. | AM7: Total Amount (THB) | AN7: Price/Pcs. | AO7: Material usage (Kg) | AP7: Column28 | AQ7: Column29 | AR7: Column30 | AS7: Column31 | AT7: Column32 | AU7: Column33 | AV7: Column35
E8: 46174 | F8: =Table5[[#This Row],[June''2026]]+1 -> 46175 | G8: =Table5[[#This Row],[Column1]]+1 -> 46176 | H8: =Table5[[#This Row],[Column2]]+1 -> 46177 | I8: =Table5[[#This Row],[Column3]]+1 -> 46178 | J8: =Table5[[#This Row],[Column4]]+1 -> 46179 | K8: =Table5[[#This Row],[Column5]]+1 -> 46180 | L8: =Table5[[#This Row],[Column6]]+1 -> 46181 | M8: =Table5[[#This Row],[Column7]]+1 -> 46182 | N8: =Table5[[#This Row],[Column8]]+1 -> 46183 | O8: =Table5[[#This Row],[Column9]]+1 -> 46184 | P8: =Table5[[#This Row],[Column10]]+1 -> 46185 | Q8: =Table5[[#This Row],[Column11]]+1 -> 46186 | R8: =Table5[[#This Row],[Column12]]+1 -> 46187 | S8: =Table5[[#This Row],[Column13]]+1 -> 46188 | T8: =Table5[[#This Row],[Column14]]+1 -> 46189 | U8: =Table5[[#This Row],[Column15]]+1 -> 46190 | V8: =Table5[[#This Row],[Column16]]+1 -> 46191 | W8: =Table5[[#This Row],[Column17]]+1 -> 46192 | X8: =Table5[[#This Row],[Column18]]+1 -> 46193 | Y8: =Table5[[#This Row],[Column19]]+1 -> 46194 | Z8: =Table5[[#This Row],[Column20]]+1 -> 46195 | AA8: =Table5[[#This Row],[Column21]]+1 -> 46196 | AB8: =Table5[[#This Row],[Column22]]+1 -> 46197 | AC8: =Table5[[#This Row],[Column23]]+1 -> 46198 | AD8: =Table5[[#This Row],[Column24]]+1 -> 46199 | AE8: =Table5[[#This Row],[Column25]]+1 -> 46200 | AF8: =Table5[[#This Row],[Column26]]+1 -> 46201 | AG8: =Table5[[#This Row],[Column262]]+1 -> 46202 | AH8: =Table5[[#This Row],[Column263]]+1 -> 46203 | AI8: =Table5[[#This Row],[Column264]]+1 -> 46204
A9: A3(50Ton) | B9: RING , FEED M1 | C9: =Table5[[#This Row],[M/C No.]] -> A3(50Ton) | D9: Plan (pcs.) | AJ9: =SUM(E9:AI9) -> 0 | AK9: =AJ11 -> 0 | AL9: =+AJ9*AN9 -> 0 | AM9: =AL11 -> 0 | AN9: 1.88977 | AO9: =Table5[[#This Row],[Total]]*B13/1000 -> 0 | AP9: M/C A3 | AQ9: WK1 | AR9: WK2 | AS9: WK3 | AT9: WK4 | AU9: WK5 | AV9: Total
B10: 113233-40010-C | D10: Accumulated shot count | E10: =IF(E9="",0,+ E9/E16) -> 0 | F10: =IF(F9="",0, E10+F9/F16) -> 0 | G10: =IF(G9="",0, F10+G9/G16) -> 0 | H10: =IF(H9="",0, G10+H9/H16) -> 0 | I10: =IF(I9="",0, H10+I9/I16) -> 0 | J10: =IF(J9="",0, I10+J9/J16) -> 0 | K10: =IF(K9="",0, J10+K9/K16) -> 0 | L10: =IF(L9="",0, K10+L9/L16) -> 0 | M10: =IF(M9="",0, L10+M9/M16) -> 0 | ... AC10: =IF(AC9="",0, AB10+AC9/AC16) -> 0 | AD10: =IF(AD9="",0, Z10+AD9/AD16) -> 0 | AE10: =IF(AE9="",0, AA10+AE9/AE16) -> 0 | AF10: =IF(AF9="",0, AB10+AF9/AF16) -> 0 | AG10: =IF(AG9="",0, AC10+AG9/AG16) -> 0 | AH10: =IF(AH9="",0, AD10+AH9/AH16) -> 0 | AI10: =IF(AI9="",0, AH10+AI9/AI16) -> 0 | AK10: =AJ12 -> 0 | AM10: =AL12 -> 0 | AP10: Plan (pcs) | AQ10: =SUM(E9:I9) -> 0 | AR10: =SUM(J9:P9) -> 0 | AS10: =SUM(Q9:W9) -> 0 | AT10: =SUM(X9:AD9) -> 0 | AU10: =SUM(AE9:AI9) -> 0 | AV10: =SUM(AQ10:AU10) -> 0
A11: A15 | B11: 4/4 Cav. | D11: Actual (pcs.) | AJ11: =SUM(E11:AI11) -> 0 | AK11: =AJ13 -> 0 | AL11: =+AJ11*AN9 -> 0 | AM11: =AL13 -> 0 | AO11: =(AJ11+AJ13+AJ14+AJ15)*B13/1000 -> 0 | AP11: Actual (pcs) | AQ11: =SUM(E11:I11) -> 0 | AR11: =SUM(J11:P11) -> 0 | AS11: =SUM(Q11:W11) -> 0 | AT11: =SUM(X11:AD11) -> 0 | AU11: =SUM(AE11:AI11) -> 0 | AV11: =SUM(AQ11:AU11) -> 0
A12: A15 | B12: Part weight (g) | C12: STD. shot mold O/H | D12: Diff.from plan (pcs.) | E12: =+E11-E9 -> 0 | F12: =+F11-F9 -> 0 | G12: =+G11-G9 -> 0 | H12: =+H11-H9 -> 0 | I12: =+I11-I9 -> 0 | J12: =+J11-J9 -> 0 | K12: =+K11-K9 -> 0 | L12: =+L11-L9 -> 0 | ... AJ12: =+AJ11-AJ9 -> 0 | AK12: =AJ14 -> 0 | AL12: =+AJ12*AN9 -> 0 | AM12: =AL14 -> 0 | AN12: % Defect | AP12: Deff.(pcs.) | AQ12: =AQ11-AQ10 -> 0 | AR12: =AR11-AR10 -> 0 | AS12: =AS11-AS10 -> 0 | AT12: =AT11-AT10 -> 0 | AU12: =AU11-AU10 -> 0 | AV12: =SUM(AQ12:AU12) -> 0
B13: 0.339 | C13: 1time/month | D13: Throw away (pcs.) | AJ13: =SUM(E13:AI13) -> 0 | AK13: =AJ15 -> 0 | AL13: =+AJ13*AN9 -> 0 | AM13: =AL15 -> 0 | AN13: =+AJ13/AJ11*100 -> #DIV/0! | AO13: =AO11/AO9 -> #DIV/0! | AP13: Throwaway(pcs) | AQ13: =SUM(E13:I13) -> 0 | AR13: =SUM(J13:P13) -> 0 | AS13: =SUM(Q13:W13) -> 0 | AT13: =SUM(X13:AD13) -> 0 | AU13: =SUM(AE13:AI13) -> 0 | AV13: =SUM(AQ13:AU13) -> 0
A14: A15 | B14: PA66 AMILAN CM3006 Z31 B2 BLACK | D14: QC Sample partrol (pcs.) | AJ14: =SUM(E14:AI14) -> 0 | AK14: =AJ16 -> 0 | AL14: =+AJ14*AN9 -> 0 | AM14: =AL16 -> 0 | AP14: Throwaway cost (THB) | AQ14: =AQ13*AN9 -> 0 | AR14: =AR13*AN9 -> 0 | AS14: =AS13*AN9 -> 0 | AT14: =AT13*AN9 -> 0 | AU14: =AU13*AN9 -> 0 | AV14: =SUM(AQ14:AU14) -> 0
A15: A15 | C15: Screw O/H | D15: INJ. Sample partrol (pcs.) | AJ15: =SUM(E15:AI15) -> 0 | AK15: =AJ17 -> 0 | AL15: =+AJ15*AN9 -> 0 | AM15: =AL17 -> 0 | AP15: Production amount(THB) | AQ15: =AQ11*AN9 -> 0 | AR15: =AR11*AN9 -> 0 | AS15: =AS11*AN9 -> 0 | AT15: =AT11*AN9 -> 0 | AU15: =AU11*AN9 -> 0 | AV15: =SUM(AQ15:AU15) -> 0
A16: A15 | C16: 300000 | D16: Actual cav. | E16: 4 | F16: 4 | G16: 4 | H16: 4 | I16: 4 | J16: 4 | K16: 4 | L16: 4 | M16: 4 | N16: 4 | O16: 4 | P16: 4 | Q16: 4 | R16: 4 | S16: 4 | T16: 4 | U16: 4 | V16: 4 | W16: 4 | X16: 4 | Y16: 4 | Z16: 4 | AA16: 4 | AB16: 4 | AC16: 4 | AD16: 4 | AE16: 4 | AF16: 4 | AG16: 4 | AH16: 4 | AI16: 4 | AK16: =AJ18 -> 0 | AM16: =AL18 -> 0
A17: A15 | C17: Trigger line | D17: Shot cont | E17: =SUM(E11+E13+E15+E14)/E16 -> 0 | F17: =SUM(F11+F13+F15+F14)/F16 -> 0 | G17: =SUM(G11+G13+G15+G14)/G16 -> 0 | H17: =SUM(H11+H13+H15+H14)/H16 -> 0 | I17: =SUM(I11+I13+I15+I14)/I16 -> 0 | J17: =SUM(J11+J13+J15+J14)/J16 -> 0 | K17: =SUM(K11+K13+K15+K14)/K16 -> 0 | L17: =SUM(L11+L13+L15+L14)/L16 -> 0 | ... AI17: =SUM(AI11+AI13+AI15+AI14)/AI16 -> 0 | AJ17: =SUM(E17:AI17) -> 0 | AK17: =AJ19 -> 0 | AM17: =AL19 -> 0
C18: =+C16*0.8 -> 240000 | D18: Mold O/H | AK18: =AJ20 -> 0 | AM18: =AL20 -> 0
D19: Actual accumulated shot count | E19: =IF(E18="O/H",E17,0+E17) -> 0 | F19: =IF(F18="O/H",F17,+E19+F17) -> 0 | G19: =IF(G18="O/H",G17,+F19+G17) -> 0 | H19: =IF(H18="O/H",H17,+G19+H17) -> 0 | I19: =IF(I18="O/H",I17,+H19+I17) -> 0 | J19: =IF(J18="O/H",J17,+I19+J17) -> 0 | K19: =IF(K18="O/H",K17,+J19+K17) -> 0 | L19: =IF(L18="O/H",L17,+K19+L17) -> 0 | M19: =IF(M18="O/H",M17,+L19+M17) -> 0 | ... AI19: =IF(AI18="O/H",AI17,+AH19+AI17) -> 0 | AK19: =AJ21 -> 0 | AM19: =AL21 -> 0
D20: Total Mold Shot counter Actual | E20: =IF(AND(ISNUMBER(E11)),1767483+E17) -> FALSE | F20: =IF(AND(ISNUMBER(F11)),E20+F17,"") | G20: =IF(AND(ISNUMBER(G11)),F20+G17,"") | H20: =IF(AND(ISNUMBER(H11)),G20+H17,"") | I20: =IF(AND(ISNUMBER(I11)),H20+I17,"") | J20: =IF(AND(ISNUMBER(J11)),I20+J17,"") | K20: =IF(AND(ISNUMBER(K11)),J20+K17,"") | L20: =IF(AND(ISNUMBER(L11)),K20+L17,"") | M20: =IF(AND(ISNUMBER(M11)),L20+M17,"") | ... AI20: =IF(AND(ISNUMBER(AI11)),AH20+AI17,"") | AK20: =AJ22 -> 0 | AM20: =AL22 -> 0
A21: A3 | B21: DV200-0000-90-0003 | D21: Screw O/H | AK21: =AJ23 -> 0 | AM21: =AL23 -> 0
A22: A3 | D22: Actual accumulated shot count | E22: =IF(E21="O/H",E17,295442+E17) -> 295442 | F22: =IF(F21="O/H",F17,+E22+F17) -> 295442 | G22: =IF(G21="O/H",G17,+F22+G17) -> 295442 | H22: =IF(H21="O/H",H17,+G22+H17) -> 295442 | I22: =IF(I21="O/H",I17,+H22+I17) -> 295442 | J22: =IF(J21="O/H",J17,+I22+J17) -> 295442 | K22: =IF(K21="O/H",K17,+J22+K17) -> 295442 | L22: =IF(L21="O/H",L17,+K22+L17) -> 295442 | M22: =IF(M21="O/H",M17,+L22+M17) -> 295442 | ... AI22: =IF(AI21="O/H",AI17,+AH22+AI17) -> 295442 | AK22: =AJ24 -> 0 | AM22: =AL24 -> 0
A23: A15(50Ton) | B23: CYLINDER , PUMP M1 | C23: =Table5[[#This Row],[M/C No.]] -> A15(50Ton) | D23: Plan (pcs.) | AJ23: =SUM(E23:AI23) -> 0 | AK23: =AJ25 -> 0 | AL23: =+AJ23*AN23 -> 0 | AM23: =AL25 -> 0 | AN23: 2.88999 | AO23: =Table5[[#This Row],[Total]]*B27/1000 -> 0 | AP23: M/C A15 | AQ23: WK1 | AR23: WK2 | AS23: WK3 | AT23: WK4 | AU23: WK5 | AV23: Total
B24: 113241-40010-A | D24: Accumulated shot count | E24: =IF(E23="",0,+ E23/E30) -> 0 | F24: =IF(F23="",0, E24+F23/F30) -> 0 | G24: =IF(G23="",0, F24+G23/G30) -> 0 | H24: =IF(H23="",0, G24+H23/H30) -> 0 | I24: =IF(I23="",0, H24+I23/I30) -> 0 | J24: =IF(J23="",0, I24+J23/J30) -> 0 | K24: =IF(K23="",0, J24+K23/K30) -> 0 | L24: =IF(L23="",0, K24+L23/L30) -> 0 | M24: =IF(M23="",0, L24+M23/M30) -> 0 | ... AC24: =IF(AC23="",0, AB24+AC23/AC30) -> 0 | AD24: =IF(AD23="",0, Z24+AD23/AD30) -> 0 | AE24: =IF(AE23="",0, AA24+AE23/AE30) -> 0 | AF24: =IF(AF23="",0, AB24+AF23/AF30) -> 0 | AG24: =IF(AG23="",0, AC24+AG23/AG30) -> 0 | AH24: =IF(AH23="",0, AD24+AH23/AH30) -> 0 | AI24: =IF(AI23="",0, AH24+AI23/AI30) -> 0 | AK24: =AJ26 -> 0 | AM24: =AL26 -> 0 | AP24: Plan (pcs) | AQ24: =SUM(E23:I23) -> 0 | AR24: =SUM(J23:P23) -> 0 | AS24: =SUM(Q23:W23) -> 0 | AT24: =SUM(X23:AD23) -> 0 | AU24: =SUM(AE23:AI23) -> 0 | AV24: =SUM(AQ24:AU24) -> 0
A25: A15 | B25: 4/4 Cav. | D25: Actual (pcs.) | E25: 0 | F25: 0 | G25: 0 | H25: 0 | I25: 0 | J25: 0 | K25: 0 | L25: 0 | M25: 0 | N25: 0 | O25: 0 | P25: 0 | Q25: 0 | R25: 0 | S25: 0 | T25: 0 | U25: 0 | V25: 0 | W25: 0 | X25: 0 | Y25: 0 | Z25: 0 | AA25: 0 | AJ25: =SUM(E25:AI25) -> 0 | AK25: =AJ27 -> 360 | AL25: =+AJ25*AN23 -> 0 | AM25: =AL27 -> 1040.3964 | AO25: =(AJ25+AJ27+AJ28+AJ29)*B27/1000 -> 0.47232 | AP25: Actual (pcs) | AQ25: =SUM(E25:I25) -> 0 | AR25: =SUM(J25:P25) -> 0 | AS25: =SUM(Q25:W25) -> 0 | AT25: =SUM(X25:AD25) -> 0 | AU25: =SUM(AE25:AI25) -> 0 | AV25: =SUM(AQ25:AU25) -> 0
A26: A15 | B26: Part weight (g) | C26: STD. shot mold O/H | D26: Diff.from plan (pcs.) | E26: =+E25-E23 -> 0 | F26: =+F25-F23 -> 0 | G26: =+G25-G23 -> 0 | H26: =+H25-H23 -> 0 | I26: =+I25-I23 -> 0 | J26: =+J25-J23 -> 0 | K26: =+K25-K23 -> 0 | L26: =+L25-L23 -> 0 | ... AJ26: =+AJ25-AJ23 -> 0 | AK26: =AJ28 -> 0 | AL26: =+AJ26*AN23 -> 0 | AM26: =AL28 -> 0 | AN26: % Defect | AP26: Deff.(pcs.) | AQ26: =AQ25-AQ24 -> 0 | AR26: =AR25-AR24 -> 0 | AS26: =AS25-AS24 -> 0 | AT26: =AT25-AT24 -> 0 | AU26: =AU25-AU24 -> 0 | AV26: =SUM(AQ26:AU26) -> 0
B27: 1.312 | C27: 1time/month | D27: Throw away (pcs.) | E27: 0 | F27: 0 | G27: 0 | H27: 0 | I27: 0 | J27: 0 | K27: 0 | L27: 0 | M27: 0 | N27: 0 | O27: 0 | P27: 0 | Q27: 0 | R27: 0 | S27: 0 | T27: 0 | U27: 0 | V27: 0 | W27: 0 | X27: 0 | Y27: 0 | Z27: 0 | AA27: 360 | AJ27: =SUM(E27:AI27) -> 360 | AK27: =AJ29 -> 0 | AL27: =+AJ27*AN23 -> 1040.3964 | AM27: =AL29 -> 0 | AN27: =+AJ27/AJ25*100 -> #DIV/0! | AO27: =AO25/AO23 -> #DIV/0! | AP27: Throwaway(pcs) | AQ27: =SUM(E27:I27) -> 0 | AR27: =SUM(J27:P27) -> 0 | AS27: =SUM(Q27:W27) -> 0 | AT27: =SUM(X27:AD27) -> 360 | AU27: =SUM(AE27:AI27) -> 0 | AV27: =SUM(AQ27:AU27) -> 360
A28: A15 | D28: QC Sample partrol (pcs.) | E28: 0 | F28: 0 | G28: 0 | H28: 0 | I28: 0 | J28: 0 | K28: 0 | L28: 0 | M28: 0 | N28: 0 | O28: 0 | P28: 0 | Q28: 0 | R28: 0 | S28: 0 | T28: 0 | U28: 0 | V28: 0 | W28: 0 | X28: 0 | Y28: 0 | Z28: 0 | AA28: 0 | AJ28: =SUM(E28:AI28) -> 0 | AK28: =AJ30 -> 0 | AL28: =+AJ28*AN23 -> 0 | AM28: =AL30 -> 0 | AP28: Throwaway cost (THB) | AQ28: =AQ27*AN23 -> 0 | AR28: =AR27*AN23 -> 0 | AS28: =AS27*AN23 -> 0 | AT28: =AT27*AN23 -> 1040.3964 | AU28: =AU27*AN23 -> 0 | AV28: =SUM(AQ28:AU28) -> 1040.3964
A29: A15 | C29: Screw O/H | D29: INJ. Sample partrol (pcs.) | E29: 0 | F29: 0 | G29: 0 | H29: 0 | I29: 0 | J29: 0 | K29: 0 | L29: 0 | M29: 0 | N29: 0 | O29: 0 | P29: 0 | Q29: 0 | R29: 0 | S29: 0 | T29: 0 | U29: 0 | V29: 0 | W29: 0 | X29: 0 | Y29: 0 | Z29: 0 | AA29: 0 | AJ29: =SUM(E29:AI29) -> 0 | AK29: =AJ31 -> 90 | AL29: =+AJ29*AN23 -> 0 | AM29: =AL31 -> 0 | AP29: Production amount(THB) | AQ29: =AQ25*AN23 -> 0 | AR29: =AR25*AN23 -> 0 | AS29: =AS25*AN23 -> 0 | AT29: =AT25*AN23 -> 0 | AU29: =AU25*AN23 -> 0 | AV29: =SUM(AQ29:AU29) -> 0
C30: 300000 | D30: Actual cav. | E30: 4 | F30: 4 | G30: 4 | H30: 4 | I30: 4 | J30: 4 | K30: 4 | L30: 4 | M30: 4 | N30: 4 | O30: 4 | P30: 4 | Q30: 4 | R30: 4 | S30: 4 | T30: 4 | U30: 4 | V30: 4 | W30: 4 | X30: 4 | Y30: 4 | Z30: 4 | AA30: 4 | AB30: 4 | AC30: 4 | AD30: 4 | AE30: 4 | AF30: 4 | AG30: 4 | AH30: 4 | AI30: 4 | AK30: =AJ32 -> 0 | AM30: =AL32 -> 0
A31: A15 | C31: Trigger line | D31: Shot cont | E31: =SUM(E25+E27+E29+E28)/E30 -> 0 | F31: =SUM(F25+F27+F29+F28)/F30 -> 0 | G31: =SUM(G25+G27+G29+G28)/G30 -> 0 | H31: =SUM(H25+H27+H29+H28)/H30 -> 0 | I31: =SUM(I25+I27+I29+I28)/I30 -> 0 | J31: =SUM(J25+J27+J29+J28)/J30 -> 0 | K31: =SUM(K25+K27+K29+K28)/K30 -> 0 | L31: =SUM(L25+L27+L29+L28)/L30 -> 0 | ... AI31: =SUM(AI25+AI27+AI29+AI28)/AI30 -> 0 | AJ31: =SUM(E31:AI31) -> 90 | AK31: =AJ33 -> 0 | AM31: =AL33 -> 0
C32: =+C30*0.8 -> 240000 | D32: Mold O/H | AK32: =AJ34 -> 0 | AM32: =AL34 -> 0
D33: Actual accumulated shot count | E33: =IF(E32="O/H",E31,83423+E31) -> 83423 | F33: =IF(F32="O/H",F31,+E33+F31) -> 83423 | G33: =IF(G32="O/H",G31,+F33+G31) -> 83423 | H33: =IF(H32="O/H",H31,+G33+H31) -> 83423 | I33: =IF(I32="O/H",I31,+H33+I31) -> 83423 | J33: =IF(J32="O/H",J31,+I33+J31) -> 83423 | K33: =IF(K32="O/H",K31,+J33+K31) -> 83423 | L33: =IF(L32="O/H",L31,+K33+L31) -> 83423 | M33: =IF(M32="O/H",M31,+L33+M31) -> 83423 | ... AI33: =IF(AI32="O/H",AI31,+AH33+AI31) -> 83513 | AK33: =AJ35 -> 0 | AM33: =AL35 -> 0
D34: Total Mold Shot counter Actual | E34: =IF(AND(ISNUMBER(E25)),1722748+E31) -> 1722748 | F34: =IF(AND(ISNUMBER(F25)),E34+F31,"") -> 1722748 | G34: =IF(AND(ISNUMBER(G25)),F34+G31,"") -> 1722748 | H34: =IF(AND(ISNUMBER(H25)),G34+H31,"") -> 1722748 | I34: =IF(AND(ISNUMBER(I25)),H34+I31,"") -> 1722748 | J34: =IF(AND(ISNUMBER(J25)),I34+J31,"") -> 1722748 | K34: =IF(AND(ISNUMBER(K25)),J34+K31,"") -> 1722748 | L34: =IF(AND(ISNUMBER(L25)),K34+L31,"") -> 1722748 | M34: =IF(AND(ISNUMBER(M25)),L34+M31,"") -> 1722748 | ... AI34: =IF(AND(ISNUMBER(AI25)),AH34+AI31,"") | AK34: =AJ36 -> 0 | AM34: =AL36 -> 0
A35: A3 | B35: DV200-0000-90-0002 | D35: Screw O/H | AK35: =AJ37 -> 0 | AM35: =AL37 -> 0
A36: A3 | D36: Actual accumulated shot count | E36: =IF(E35="O/H",E31,357644+E31) -> 357644 | F36: =IF(F35="O/H",F31,+E36+F31) -> 357644 | G36: =IF(G35="O/H",G31,+F36+G31) -> 357644 | H36: =IF(H35="O/H",H31,+G36+H31) -> 357644 | I36: =IF(I35="O/H",I31,+H36+I31) -> 357644 | J36: =IF(J35="O/H",J31,+I36+J31) -> 357644 | K36: =IF(K35="O/H",K31,+J36+K31) -> 357644 | L36: =IF(L35="O/H",L31,+K36+L31) -> 357644 | M36: =IF(M35="O/H",M31,+L36+M31) -> 357644 | ... AI36: =IF(AI35="O/H",AI31,+AH36+AI31) -> 357734 | AK36: =AJ38 -> 0 | AM36: =AL38 -> 0
A37: A15(50Ton) | B37: RETAINER , INLET VALVE M1 | C37: =Table5[[#This Row],[M/C No.]] -> A15(50Ton) | D37: Plan (pcs.) | AJ37: =SUM(E37:AI37) -> 0 | AK37: =AJ39 -> 0 | AL37: =+AJ37*AN37 -> 0 | AM37: =AL39 -> 0 | AN37: 2.05559 | AO37: =Table5[[#This Row],[Total]]*B41/1000 -> 0 | AP37: M/C A15 | AQ37: WK1 | AR37: WK2 | AS37: WK3 | AT37: WK4 | AU37: WK5 | AV37: Total
B38: 113232-45020 | D38: Accumulated shot count | E38: =IF(E37="",0,+ E37/E44) -> 0 | F38: =IF(F37="",0, E38+F37/F44) -> 0 | G38: =IF(G37="",0, F38+G37/G44) -> 0 | H38: =IF(H37="",0, G38+H37/H44) -> 0 | I38: =IF(I37="",0, H38+I37/I44) -> 0 | J38: =IF(J37="",0, I38+J37/J44) -> 0 | K38: =IF(K37="",0, J38+K37/K44) -> 0 | L38: =IF(L37="",0, K38+L37/L44) -> 0 | M38: =IF(M37="",0, L38+M37/M44) -> 0 | ... AC38: =IF(AC37="",0, AB38+AC37/AC44) -> 0 | AD38: =IF(AD37="",0, Z38+AD37/AD44) -> 0 | AE38: =IF(AE37="",0, AA38+AE37/AE44) -> 0 | AF38: =IF(AF37="",0, AB38+AF37/AF44) -> 0 | AG38: =IF(AG37="",0, AC38+AG37/AG44) -> 0 | AH38: =IF(AH37="",0, AD38+AH37/AH44) -> 0 | AI38: =IF(AI37="",0, AH38+AI37/AI44) -> 0 | AK38: =AJ40 -> 0 | AM38: =AL40 -> 0 | AP38: Plan (pcs) | AQ38: =SUM(E37:I37) -> 0 | AR38: =SUM(J37:P37) -> 0 | AS38: =SUM(Q37:W37) -> 0 | AT38: =SUM(X37:AD37) -> 0 | AU38: =SUM(AE37:AI37) -> 0 | AV38: =SUM(AQ38:AU38) -> 0
A39: A15 | B39: 4/4 Cav. | D39: Actual (pcs.) | AJ39: =SUM(E39:AI39) -> 0 | AK39: =AJ41 -> 0 | AL39: =+AJ39*AN37 -> 0 | AM39: =AL41 -> 0 | AO39: =(AJ39+AJ41+AJ42+AJ43)*B41/1000 -> 0 | AP39: Actual (pcs) | AQ39: =SUM(E39:I39) -> 0 | AR39: =SUM(J39:P39) -> 0 | AS39: =SUM(Q39:W39) -> 0 | AT39: =SUM(X39:AD39) -> 0 | AU39: =SUM(AE39:AI39) -> 0 | AV39: =SUM(AQ39:AU39) -> 0
A40: A15 | B40: Part weight (g) | C40: STD. shot mold O/H | D40: Diff.from plan (pcs.) | E40: =+E39-E37 -> 0 | F40: =+F39-F37 -> 0 | G40: =+G39-G37 -> 0 | H40: =+H39-H37 -> 0 | I40: =+I39-I37 -> 0 | J40: =+J39-J37 -> 0 | K40: =+K39-K37 -> 0 | L40: =+L39-L37 -> 0 | ... AJ40: =+AJ39-AJ37 -> 0 | AK40: =AJ42 -> 0 | AL40: =+AJ40*AN37 -> 0 | AM40: =AL42 -> 0 | AN40: % Defect | AP40: Deff.(pcs.) | AQ40: =AQ39-AQ38 -> 0 | AR40: =AR39-AR38 -> 0 | AS40: =AS39-AS38 -> 0 | AT40: =AT39-AT38 -> 0 | AU40: =AU39-AU38 -> 0 | AV40: =SUM(AQ40:AU40) -> 0
B41: 0.415 | C41: 1time/month | D41: Throw away (pcs.) | AJ41: =SUM(E41:AI41) -> 0 | AK41: =AJ43 -> 0 | AL41: =+AJ41*AN37 -> 0 | AM41: =AL43 -> 0 | AN41: =+AJ41/AJ39*100 -> #DIV/0! | AO41: =AO39/AO37 -> #DIV/0! | AP41: Throwaway(pcs) | AQ41: =SUM(E41:I41) -> 0 | AR41: =SUM(J41:P41) -> 0 | AS41: =SUM(Q41:W41) -> 0 | AT41: =SUM(X41:AD41) -> 0 | AU41: =SUM(AE41:AI41) -> 0 | AV41: =SUM(AQ41:AU41) -> 0
A42: A15 | B42: PA66 AMILAN CM3006G-30 B1 BLACK | D42: QC Sample partrol (pcs.) | AJ42: =SUM(E42:AI42) -> 0 | AK42: =AJ44 -> 0 | AL42: =+AJ42*AN37 -> 0 | AM42: =AL44 -> 0 | AP42: Throwaway cost (THB) | AQ42: =AQ41*AN37 -> 0 | AR42: =AR41*AN37 -> 0 | AS42: =AS41*AN37 -> 0 | AT42: =AT41*AN37 -> 0 | AU42: =AU41*AN37 -> 0 | AV42: =SUM(AQ42:AU42) -> 0
A43: A15 | C43: Screw O/H | D43: INJ. Sample partrol (pcs.) | AJ43: =SUM(E43:AI43) -> 0 | AK43: =AJ45 -> 0 | AL43: =+AJ43*AN37 -> 0 | AM43: =AL45 -> 0 | AP43: Production amount(THB) | AQ43: =AQ39*AN37 -> 0 | AR43: =AR39*AN37 -> 0 | AS43: =AS39*AN37 -> 0 | AT43: =AT39*AN37 -> 0 | AU43: =AU39*AN37 -> 0 | AV43: =SUM(AQ43:AU43) -> 0
C44: 300000 | D44: Actual cav. | E44: 4 | F44: 4 | G44: 4 | H44: 4 | I44: 4 | J44: 4 | K44: 4 | L44: 4 | M44: 4 | N44: 4 | O44: 4 | P44: 4 | Q44: 4 | R44: 4 | S44: 4 | T44: 4 | U44: 4 | V44: 4 | W44: 4 | X44: 4 | Y44: 4 | Z44: 4 | AA44: 4 | AB44: 4 | AC44: 4 | AD44: 4 | AE44: 4 | AF44: 4 | AG44: 4 | AH44: 4 | AI44: 4 | AK44: =AJ46 -> 0 | AM44: =AL46 -> 0
A45: A15 | C45: Trigger line | D45: Shot cont | E45: =SUM(E39+E41+E43+E42)/E44 -> 0 | F45: =SUM(F39+F41+F43+F42)/F44 -> 0 | G45: =SUM(G39+G41+G43+G42)/G44 -> 0 | H45: =SUM(H39+H41+H43+H42)/H44 -> 0 | I45: =SUM(I39+I41+I43+I42)/I44 -> 0 | J45: =SUM(J39+J41+J43+J42)/J44 -> 0 | K45: =SUM(K39+K41+K43+K42)/K44 -> 0 | L45: =SUM(L39+L41+L43+L42)/L44 -> 0 | ... AI45: =SUM(AI39+AI41+AI43+AI42)/AI44 -> 0 | AJ45: =SUM(E45:AI45) -> 0 | AK45: =AJ47 -> 0 | AM45: =AL47 -> 0
C46: =+C44*0.8 -> 240000 | D46: Mold O/H | AK46: =AJ48 -> 0 | AM46: =AL48 -> 0
D47: Actual accumulated shot count | E47: =IF(E46="O/H",E45,0+E45) -> 0 | F47: =IF(F46="O/H",F45,+E47+F45) -> 0 | G47: =IF(G46="O/H",G45,+F47+G45) -> 0 | H47: =IF(H46="O/H",H45,+G47+H45) -> 0 | I47: =IF(I46="O/H",I45,+H47+I45) -> 0 | J47: =IF(J46="O/H",J45,+I47+J45) -> 0 | K47: =IF(K46="O/H",K45,+J47+K45) -> 0 | L47: =IF(L46="O/H",L45,+K47+L45) -> 0 | M47: =IF(M46="O/H",M45,+L47+M45) -> 0 | ... AI47: =IF(AI46="O/H",AI45,+AH47+AI45) -> 0 | AK47: =AJ49 -> 0 | AM47: =AL49 -> 0
D48: Total Mold Shot counter Actual | E48: =IF(AND(ISNUMBER(E39)),1471751+E45) -> FALSE | F48: =IF(AND(ISNUMBER(F39)),E48+F45,"") | G48: =IF(AND(ISNUMBER(G39)),F48+G45,"") | H48: =IF(AND(ISNUMBER(H39)),G48+H45,"") | I48: =IF(AND(ISNUMBER(I39)),H48+I45,"") | J48: =IF(AND(ISNUMBER(J39)),I48+J45,"") | K48: =IF(AND(ISNUMBER(K39)),J48+K45,"") | L48: =IF(AND(ISNUMBER(L39)),K48+L45,"") | M48: =IF(AND(ISNUMBER(M39)),L48+M45,"") | ... AI48: =IF(AND(ISNUMBER(AI39)),AH48+AI45,"") | AK48: =AJ50 -> 0 | AM48: =AL50 -> 0
A49: A3 | B49: DV200-0000-90-0001 | D49: Screw O/H | M49: O/H | AK49: =AJ51 -> 0 | AM49: =AL51 -> 0
A50: A3 | D50: Actual accumulated | E50: =IF(E49="O/H",E45,94980+E45) -> 94980 | F50: =IF(F49="O/H",F45,+E50+F45) -> 94980 | G50: =IF(G49="O/H",G45,+F50+G45) -> 94980 | H50: =IF(H49="O/H",H45,+G50+H45) -> 94980 | I50: =IF(I49="O/H",I45,+H50+I45) -> 94980 | J50: =IF(J49="O/H",J45,+I50+J45) -> 94980 | K50: =IF(K49="O/H",K45,+J50+K45) -> 94980 | L50: =IF(L49="O/H",L45,+K50+L45) -> 94980 | M50: =IF(M49="O/H",M45,+L50+M45) -> 0 | ... AI50: =IF(AI49="O/H",AI45,+AH50+AI45) -> 0 | AK50: =AJ52 -> 0 | AM50: =AL52 -> 0
A51: A15(50Ton) | B51: RING , FEED M1 | C51: =Table5[[#This Row],[M/C No.]] -> A15(50Ton) | D51: Plan (pcs.) | AJ51: =SUM(E51:AI51) -> 0 | AK51: =AJ53 -> 0 | AL51: =+AJ51*AN51 -> 0 | AM51: =AL53 -> 0 | AN51: 1.88977 | AO51: =Table5[[#This Row],[Total]]*B55/1000 -> 0 | AP51: M/C A15 | AQ51: WK1 | AR51: WK2 | AS51: WK3 | AT51: WK4 | AU51: WK5 | AV51: Total
B52: 113233-40010-C | D52: Accumulated shot count | E52: =IF(E51="",0,+ E51/E58) -> 0 | F52: =IF(F51="",0, E52+F51/F58) -> 0 | G52: =IF(G51="",0, F52+G51/G58) -> 0 | H52: =IF(H51="",0, G52+H51/H58) -> 0 | I52: =IF(I51="",0, H52+I51/I58) -> 0 | J52: =IF(J51="",0, I52+J51/J58) -> 0 | K52: =IF(K51="",0, J52+K51/K58) -> 0 | L52: =IF(L51="",0, K52+L51/L58) -> 0 | M52: =IF(M51="",0, L52+M51/M58) -> 0 | ... AC52: =IF(AC51="",0, AB52+AC51/AC58) -> 0 | AD52: =IF(AD51="",0, Z52+AD51/AD58) -> 0 | AE52: =IF(AE51="",0, AA52+AE51/AE58) -> 0 | AF52: =IF(AF51="",0, AB52+AF51/AF58) -> 0 | AG52: =IF(AG51="",0, AC52+AG51/AG58) -> 0 | AH52: =IF(AH51="",0, AD52+AH51/AH58) -> 0 | AI52: =IF(AI51="",0, AH52+AI51/AI58) -> 0 | AK52: =AJ54 -> 0 | AM52: =AL54 -> 0 | AP52: Plan (pcs) | AQ52: =SUM(E51:K51) -> 0 | AR52: =SUM(L51:R51) -> 0 | AS52: =SUM(S51:Y51) -> 0 | AT52: =SUM(Z51:AF51) -> 0 | AU52: =SUM(AG51:AI51) -> 0 | AV52: =SUM(AQ52:AU52) -> 0
A53: A15 | B53: 4/4 Cav. | D53: Actual (pcs.) | AJ53: =SUM(E53:AI53) -> 0 | AK53: =AJ55 -> 0 | AL53: =+AJ53*AN51 -> 0 | AM53: =AL55 -> 0 | AO53: =(AJ53+AJ55+AJ56+AJ57)*B55/1000 -> 0 | AP53: Actual (pcs) | AQ53: =SUM(E53:K53) -> 0 | AR53: =SUM(L53:R53) -> 0 | AS53: =SUM(S53:Y53) -> 0 | AT53: =SUM(Z53:AF53) -> 0 | AU53: =SUM(AG53:AI53) -> 0 | AV53: =SUM(AQ53:AU53) -> 0
A54: A15 | B54: Part weight (g) | C54: STD. shot mold O/H | D54: Diff.from plan (pcs.) | E54: =+E53-E51 -> 0 | F54: =+F53-F51 -> 0 | G54: =+G53-G51 -> 0 | H54: =+H53-H51 -> 0 | I54: =+I53-I51 -> 0 | J54: =+J53-J51 -> 0 | K54: =+K53-K51 -> 0 | L54: =+L53-L51 -> 0 | ... AJ54: =+AJ53-AJ51 -> 0 | AK54: =AJ56 -> 0 | AL54: =+AJ54*AN51 -> 0 | AM54: =AL56 -> 0 | AN54: % Defect | AP54: Deff.(pcs.) | AQ54: =AQ53-AQ52 -> 0 | AR54: =AR53-AR52 -> 0 | AS54: =AS53-AS52 -> 0 | AT54: =AT53-AT52 -> 0 | AU54: =AU53-AU52 -> 0 | AV54: =SUM(AQ54:AU54) -> 0
B55: 0.339 | C55: 1time/month | D55: Throw away (pcs.) | AJ55: =SUM(E55:AI55) -> 0 | AK55: =AJ57 -> 0 | AL55: =+AJ55*AN51 -> 0 | AM55: =AL57 -> 0 | AN55: =+AJ55/AJ53 -> #DIV/0! | AO55: =AO53/AO51 -> #DIV/0! | AP55: Throwaway(pcs) | AQ55: =SUM(E55:K55) -> 0 | AR55: =SUM(L55:R55) -> 0 | AS55: =SUM(S55:Y55) -> 0 | AT55: =SUM(Z55:AF55) -> 0 | AU55: =SUM(AG55:AI55) -> 0 | AV55: =SUM(AQ55:AU55) -> 0
A56: A15 | D56: QC Sample partrol (pcs.) | AJ56: =SUM(E56:AI56) -> 0 | AK56: =AJ58 -> 0 | AL56: =+AJ56*AN51 -> 0 | AM56: =AL58 -> 0 | AP56: Throwaway cost (THB) | AQ56: =AQ55*AN51 -> 0 | AR56: =AR55*AN51 -> 0 | AS56: =AS55*AN51 -> 0 | AT56: =AT55*AN51 -> 0 | AU56: =AU55*AN51 -> 0 | AV56: =SUM(AQ56:AU56) -> 0
A57: A15 | C57: Screw O/H | D57: INJ. Sample partrol (pcs.) | AJ57: =SUM(E57:AI57) -> 0 | AK57: =AJ59 -> 0 | AL57: =+AJ57*AN51 -> 0 | AM57: =AL59 -> 0 | AP57: Production amount(THB) | AQ57: =AQ53*AN51 -> 0 | AR57: =AR53*AN51 -> 0 | AS57: =AS53*AN51 -> 0 | AT57: =AT53*AN51 -> 0 | AU57: =AU53*AN51 -> 0 | AV57: =SUM(AQ57:AU57) -> 0
C58: 300000 | D58: Actual cav. | E58: 4 | F58: 4 | G58: 4 | H58: 4 | I58: 4 | J58: 4 | K58: 4 | L58: 4 | M58: 4 | N58: 4 | O58: 4 | P58: 4 | Q58: 4 | R58: 4 | S58: 4 | T58: 4 | U58: 4 | V58: 4 | W58: 4 | X58: 4 | Y58: 4 | Z58: 4 | AA58: 4 | AB58: 4 | AC58: 4 | AD58: 4 | AE58: 4 | AF58: 4 | AG58: 4 | AH58: 4 | AI58: 4 | AK58: =AJ60 -> 0 | AM58: =AL60 -> 0
A59: A15 | C59: Trigger line | D59: Shot cont | E59: =SUM(E53+E55+E57)/E58 -> 0 | F59: =SUM(F53+F55+F57)/F58 -> 0 | G59: =SUM(G53+G55+G57)/G58 -> 0 | H59: =SUM(H53+H55+H56+H57)/H58 -> 0 | I59: =SUM(I53+I55+I56+I57)/I58 -> 0 | J59: =SUM(J53+J55+J56+J57)/J58 -> 0 | K59: =SUM(K53+K55+K56+K57)/K58 -> 0 | L59: =SUM(L53+L55+L56+L57)/L58 -> 0 | M59: =SUM(M53+M55+M56+M57)/M58 -> 0 | N59: =SUM(N53+N55+N56+N57)/N58 -> 0 | O59: =SUM(O53+O55+O56+O57)/O58 -> 0 | ... AI59: =SUM(AI53+AI55+AI56+AI57)/AI58 -> 0 | AJ59: =SUM(E59:AI59) -> 0 | AK59: =AJ61 -> 0 | AM59: =AL61 -> 0
C60: =+C58*0.8 -> 240000 | D60: Mold O/H | AK60: =AJ62 -> 0 | AM60: =AL62 -> 0
D61: Actual accumulated shot count | E61: =IF(E60="O/H",E59,0+E59) -> 0 | F61: =IF(F60="O/H",F59,+E61+F59) -> 0 | G61: =IF(G60="O/H",G59,+F61+G59) -> 0 | H61: =IF(H60="O/H",H59,+G61+H59) -> 0 | I61: =IF(I60="O/H",I59,+H61+I59) -> 0 | J61: =IF(J60="O/H",J59,+I61+J59) -> 0 | K61: =IF(K60="O/H",K59,+J61+K59) -> 0 | L61: =IF(L60="O/H",L59,+K61+L59) -> 0 | M61: =IF(M60="O/H",M59,+L61+M59) -> 0 | ... AI61: =IF(AI60="O/H",AI59,+AH61+AI59) -> 0 | AK61: =AJ63 -> 0 | AM61: =AL63 -> 0
D62: Total Mold Shot counter Actual | E62: =IF(AND(ISNUMBER(E53)),1412882+E59) -> FALSE | F62: =IF(AND(ISNUMBER(F53)),E62+F59,"") | G62: =IF(AND(ISNUMBER(G53)),F62+G59,"") | H62: =IF(AND(ISNUMBER(H53)),G62+H59,"") | I62: =IF(AND(ISNUMBER(I53)),H62+I59,"") | J62: =IF(AND(ISNUMBER(J53)),I62+J59,"") | K62: =IF(AND(ISNUMBER(K53)),J62+K59,"") | L62: =IF(AND(ISNUMBER(L53)),K62+L59,"") | M62: =IF(AND(ISNUMBER(M53)),L62+M59,"") | ... AI62: =IF(AND(ISNUMBER(AI53)),AH62+AI59,"") | AK62: =AJ64 -> 0 | AM62: =AL64 -> 0
A63: A3 | B63: DV200-0000-90-0003 | D63: Screw O/H | AK63: =AJ79 -> 350000 | AM63: =AL79 -> 719456.5
A64: A3 | D64: Actual accumulated | E64: =IF(E63="O/H",E59,0+E59) -> 0 | F64: =IF(F63="O/H",F59,+E64+F59) -> 0 | G64: =IF(G63="O/H",G59,+F64+G59) -> 0 | H64: =IF(H63="O/H",H59,+G64+H59) -> 0 | I64: =IF(I63="O/H",I59,+H64+I59) -> 0 | J64: =IF(J63="O/H",J59,+I64+J59) -> 0 | K64: =IF(K63="O/H",K59,+J64+K59) -> 0 | L64: =IF(L63="O/H",L59,+K64+L59) -> 0 | M64: =IF(M63="O/H",M59,+L64+M59) -> 0 | ... AI64: =IF(AI63="O/H",AI59,+AH64+AI59) -> 0 | AK64: =AJ80 -> 406800 | AM64: =AL80 -> 836214.01
A65: A15(50Ton) | B65: RETAINER , INLET VALVE M2 | C65: =Table5[[#This Row],[M/C No.]] -> A15(50Ton) | D65: Plan (pcs.) | E65: 10000 | F65: 20000 | G65: 0 | H65: 10000 | I65: 20000 | J65: 0 | K65: 0 | L65: 10000 | M65: 20000 | N65: 20000 | O65: 20000 | P65: 20000 | Q65: 0 | R65: 0 | S65: 10000 | T65: 20000 | U65: 20000 | V65: 20000 | W65: 20000 | X65: 0 | Y65: 0 | Z65: 10000 | AA65: 20000 | AB65: 20000 | AC65: 20000 | AD65: 20000 | AE65: 0 | AF65: 0 | AG65: 10000 | AH65: 10000 | AJ65: =SUM(E65:AI65) -> 350000 | AK65: =AJ67 -> 406800 | AL65: =+AJ65*AN65 -> 719456.5 | AM65: =AL67 -> 836214.01 | AN65: 2.05559 | AO65: =Table5[[#This Row],[Total]]*B69/1000 -> 145.25 | AP65: M/C A15 | AQ65: WK1 | AR65: WK2 | AS65: WK3 | AT65: WK4 | AU65: WK5 | AV65: Total
B66: 113232-45020 | D66: Accumulated shot count | E66: =IF(E65="",0,+ E65/E72) -> 2500 | F66: =IF(F65="",0, E66+F65/F72) -> 7500 | G66: =IF(G65="",0, F66+G65/G72) -> 7500 | H66: =IF(H65="",0, G66+H65/H72) -> 10000 | I66: =IF(I65="",0, H66+I65/I72) -> 15000 | J66: =IF(J65="",0, I66+J65/J72) -> 15000 | K66: =IF(K65="",0, J66+K65/K72) -> 15000 | L66: =IF(L65="",0, K66+L65/L72) -> 17500 | M66: =IF(M65="",0, L66+M65/M72) -> 22500 | ... AC66: =IF(AC65="",0, AB66+AC65/AC72) -> 77500 | AD66: =IF(AD65="",0, Z66+AD65/AD72) -> 67500 | AE66: =IF(AE65="",0, AA66+AE65/AE72) -> 67500 | AF66: =IF(AF65="",0, AB66+AF65/AF72) -> 72500 | AG66: =IF(AG65="",0, AC66+AG65/AG72) -> 80000 | AH66: =IF(AH65="",0, AD66+AH65/AH72) -> 70000 | AI66: =IF(AI65="",0, AH66+AI65/AI72) -> 0 | AK66: =AJ68 -> 56800 | AM66: =AL68 -> 116757.51 | AP66: Plan (pcs) | AQ66: =SUM(E65:H65) -> 40000 | AR66: =SUM(I65:O65) -> 90000 | AS66: =SUM(P65:V65) -> 90000 | AT66: =SUM(W65:AC65) -> 90000 | AU66: =SUM(AD65:AI65) -> 40000 | AV66: =SUM(AQ66:AU66) -> 350000
A67: A15 | B67: 4/4 Cav. | D67: Actual (pcs.) | E67: 6000 | F67: 20400 | G67: 0 | H67: 6000 | I67: 21600 | J67: 20400 | K67: 21600 | L67: 20400 | M67: 20400 | N67: 20400 | O67: 21600 | P67: 19200 | Q67: 20400 | R67: 20400 | S67: 20400 | T67: 20400 | U67: 18000 | V67: 19200 | W67: 19200 | X67: 19200 | Y67: 21600 | Z67: 20400 | AA67: 9600 | AJ67: =SUM(E67:AI67) -> 406800 | AK67: =AJ69 -> 860 | AL67: =+AJ67*AN65 -> 836214.01 | AM67: =AL69 -> 1767.8074 | AO67: =(AJ67+AJ69+AJ70+AJ71)*B69/1000 -> 169.99894 | AP67: Actual (pcs) | AQ67: =SUM(E67:H67) -> 32400 | AR67: =SUM(I67:O67) -> 146400 | AS67: =SUM(P67:V67) -> 138000 | AT67: =SUM(W67:AC67) -> 90000 | AU67: =SUM(AD67:AI67) -> 0 | AV67: =SUM(AQ67:AU67) -> 406800
A68: A15 | B68: Part weight (g) | C68: STD. shot mold O/H | D68: Diff.from plan (pcs.) | E68: =+E67-E65 -> -4000 | F68: =+F67-F65 -> 400 | G68: =+G67-G65 -> 0 | H68: =+H67-H65 -> -4000 | I68: =+I67-I65 -> 1600 | J68: =+J67-J65 -> 20400 | K68: =+K67-K65 -> 21600 | L68: =+L67-L65 -> 10400 | ... AJ68: =+AJ67-AJ65 -> 56800 | AK68: =AJ70 -> 1976 | AL68: =+AJ68*AN65 -> 116757.51 | AM68: =AL70 -> 4061.8458 | AN68: % Defect | AP68: Deff.(pcs.) | AQ68: =AQ67-AQ66 -> -7600 | AR68: =AR67-AR66 -> 56400 | AS68: =AS67-AS66 -> 48000 | AT68: =AT67-AT66 -> 0 | AU68: =AU67-AU66 -> -40000 | AV68: =SUM(AQ68:AU68) -> 56800
B69: 0.415 | C69: 1time/month | D69: Throw away (pcs.) | E69: 440 | F69: 0 | G69: 0 | H69: =120+300 -> 420 | I69: 0 | J69: 0 | K69: 0 | L69: 0 | M69: 0 | N69: 0 | O69: 0 | P69: 0 | Q69: 0 | R69: 0 | S69: 0 | T69: 0 | U69: 0 | V69: 0 | W69: 0 | X69: 0 | Y69: 0 | Z69: 0 | AA69: 0 | AJ69: =SUM(E69:AI69) -> 860 | AK69: =AJ71 -> 0 | AL69: =+AJ69*AN65 -> 1767.8074 | AM69: =AL71 -> 0 | AN69: =+AJ69/AJ67*100 -> 0.2114061 | AO69: =AO67/AO65 -> 1.1703886 | AP69: Throwaway(pcs) | AQ69: =SUM(E69:H69) -> 860 | AR69: =SUM(I69:O69) -> 0 | AS69: =SUM(P69:V69) -> 0 | AT69: =SUM(W69:AC69) -> 0 | AU69: =SUM(AD69:AI69) -> 0 | AV69: =SUM(AQ69:AU69) -> 860
A70: A15 | B70: PA66 AMILAN CM3006G-30 B1 BLACK | D70: QC Sample partrol (pcs.) | E70: 32 | F70: 96 | G70: 0 | H70: 0 | I70: 96 | J70: 96 | K70: 96 | L70: 96 | M70: 96 | N70: 96 | O70: 96 | P70: 96 | Q70: 96 | R70: 96 | S70: 96 | T70: 96 | U70: 120 | V70: 120 | W70: 120 | X70: 96 | Y70: 96 | Z70: 96 | AA70: 48 | AJ70: =SUM(E70:AI70) -> 1976 | AK70: =AJ72 -> 0 | AL70: =+AJ70*AN65 -> 4061.8458 | AM70: =AL72 -> 0 | AP70: Throwaway cost (THB) | AQ70: =AQ69*AN65 -> 1767.8074 | AR70: =AR69*AN65 -> 0 | AS70: =AS69*AN65 -> 0 | AT70: =AT69*AN65 -> 0 | AU70: =AU69*AN65 -> 0 | AV70: =SUM(AQ70:AU70) -> 1767.8074
A71: A15 | C71: Screw O/H | D71: INJ. Sample partrol (pcs.) | E71: 0 | F71: 0 | G71: 0 | H71: 0 | I71: 0 | J71: 0 | K71: 0 | L71: 0 | M71: 0 | N71: 0 | O71: 0 | P71: 0 | Q71: 0 | R71: 0 | S71: 0 | T71: 0 | U71: 0 | V71: 0 | W71: 0 | X71: 0 | Y71: 0 | Z71: 0 | AA71: 0 | AJ71: =SUM(E71:AI71) -> 0 | AK71: =AJ73 -> 102409 | AL71: =+AJ71*AN65 -> 0 | AM71: =AL73 -> 0 | AP71: Production amount(THB) | AQ71: =AQ67*AN65 -> 66601.116 | AR71: =AR67*AN65 -> 300938.38 | AS71: =AS67*AN65 -> 283671.42 | AT71: =AT67*AN65 -> 185003.1 | AU71: =AU67*AN65 -> 0 | AV71: =SUM(AQ71:AU71) -> 836214.01
C72: 300000 | D72: Actual cav. | E72: 4 | F72: 4 | G72: 4 | H72: 4 | I72: 4 | J72: 4 | K72: 4 | L72: 4 | M72: 4 | N72: 4 | O72: 4 | P72: 4 | Q72: 4 | R72: 4 | S72: 4 | T72: 4 | U72: 4 | V72: 4 | W72: 4 | X72: 4 | Y72: 4 | Z72: 4 | AA72: 4 | AB72: 4 | AC72: 4 | AD72: 4 | AE72: 4 | AF72: 4 | AG72: 4 | AH72: 4 | AI72: 4 | AK72: =AJ74 -> 0 | AM72: =AL74 -> 0
A73: A15 | C73: Trigger line | D73: Shot cont | E73: =SUM(E67+E69+E71+E70)/E72 -> 1618 | F73: =SUM(F67+F69+F71+F70)/F72 -> 5124 | G73: =SUM(G67+G69+G71+G70)/G72 -> 0 | H73: =SUM(H67+H69+H71+H70)/H72 -> 1605 | I73: =SUM(I67+I69+I71+I70)/I72 -> 5424 | J73: =SUM(J67+J69+J71+J70)/J72 -> 5124 | K73: =SUM(K67+K69+K71+K70)/K72 -> 5424 | L73: =SUM(L67+L69+L71+L70)/L72 -> 5124 | ... AI73: =SUM(AI67+AI69+AI71+AI70)/AI72 -> 0 | AJ73: =SUM(E73:AI73) -> 102409 | AK73: =AJ75 -> 0 | AM73: =AL75 -> 0
C74: =+C72*0.8 -> 240000 | D74: Mold O/H | AK74: =AJ76 -> 0 | AM74: =AL76 -> 0
D75: Actual accumulated shot count | E75: =IF(E74="O/H",E73,9487+E73) -> 11105 | F75: =IF(F74="O/H",F73,+E75+F73) -> 16229 | G75: =IF(G74="O/H",G73,+F75+G73) -> 16229 | H75: =IF(H74="O/H",H73,+G75+H73) -> 17834 | I75: =IF(I74="O/H",I73,+H75+I73) -> 23258 | J75: =IF(J74="O/H",J73,+I75+J73) -> 28382 | K75: =IF(K74="O/H",K73,+J75+K73) -> 33806 | L75: =IF(L74="O/H",L73,+K75+L73) -> 38930 | M75: =IF(M74="O/H",M73,+L75+M73) -> 44054 | ... AI75: =IF(AI74="O/H",AI73,+AH75+AI73) -> 111896 | AK75: =AJ77 -> 0 | AM75: =AL77 -> 0
D76: Total Mold Shot counter Actual | E76: =IF(AND(ISNUMBER(E67)),1609495+E73) -> 1611113 | F76: =IF(AND(ISNUMBER(F67)),E76+F73,"") -> 1616237 | G76: =IF(AND(ISNUMBER(G67)),F76+G73,"") -> 1616237 | H76: =IF(AND(ISNUMBER(H67)),G76+H73,"") -> 1617842 | I76: =IF(AND(ISNUMBER(I67)),H76+I73,"") -> 1623266 | J76: =IF(AND(ISNUMBER(J67)),I76+J73,"") -> 1628390 | K76: =IF(AND(ISNUMBER(K67)),J76+K73,"") -> 1633814 | L76: =IF(AND(ISNUMBER(L67)),K76+L73,"") -> 1638938 | M76: =IF(AND(ISNUMBER(M67)),L76+M73,"") -> 1644062 | ... AI76: =IF(AND(ISNUMBER(AI67)),AH76+AI73,"") | AK76: =AJ78 -> 0 | AM76: =AL78 -> 0
A77: A3 | B77: DV200-0000-90-0001 | D77: Screw O/H | AK77: =AJ79 -> 350000 | AM77: =AL79 -> 719456.5
A78: A3 | D78: Actual accumulated | E78: =IF(E77="O/H",E73,611986+E73) -> 613604 | F78: =IF(F77="O/H",F73,+E78+F73) -> 618728 | G78: =IF(G77="O/H",G73,+F78+G73) -> 618728 | H78: =IF(H77="O/H",H73,+G78+H73) -> 620333 | I78: =IF(I77="O/H",I73,+H78+I73) -> 625757 | J78: =IF(J77="O/H",J73,+I78+J73) -> 630881 | K78: =IF(K77="O/H",K73,+J78+K73) -> 636305 | L78: =IF(L77="O/H",L73,+K78+L73) -> 641429 | M78: =IF(M77="O/H",M73,+L78+M73) -> 646553 | ... AI78: =IF(AI77="O/H",AI73,+AH78+AI73) -> 714395 | AK78: =AJ80 -> 406800 | AM78: =AL80 -> 836214.01
D79: Plan (pcs.) | E79: =+E9+E23+E37+E51 -> 0 | F79: =+F9+F23+F37+F51 -> 0 | G79: =+G9+G23+G37+G51 -> 0 | H79: =+H9+H23+H37+H51 -> 0 | I79: =+I9+I23+I37+I51 -> 0 | J79: =+J9+J23+J37+J51 -> 0 | K79: =+K9+K23+K37+K51 -> 0 | L79: =+L9+L23+L37+L51 -> 0 | ... AI79: =+AI9+AI23+AI37+AI51 -> 0 | AJ79: =+AJ9+AJ23+AJ37+AJ51+AJ65 -> 350000 | AK79: =AJ80 -> 406800 | AL79: =+AL9+AL23+AL37+AL51+AL65 -> 719456.5 | AM79: =AL80 -> 836214.01
D80: Actual (pcs.) | E80: =+E11+E25+E39+E53 -> 0 | F80: =+F11+F25+F39+F53 -> 0 | G80: =+G11+G25+G39+G53 -> 0 | H80: =+H11+H25+H39+H53 -> 0 | I80: =+I11+I25+I39+I53 -> 0 | J80: =+J11+J25+J39+J53 -> 0 | K80: =+K11+K25+K39+K53 -> 0 | L80: =+L11+L25+L39+L53 -> 0 | ... S80: =+S11+S25+S39+S53 -> 0 | T80: =+T11+T25+T39+T67+T53 -> 20400 | U80: =+U11+U25+U39+U67+U53 -> 18000 | V80: =+V11+V25+V39+V67+V53 -> 19200 | W80: =+W11+W25+W39+W67+W53 -> 19200 | X80: =+X11+X25+X39+X67+X53 -> 19200 | Y80: =+Y11+Y25+Y39+Y67+Y53 -> 21600 | Z80: =+Z11+Z25+Z39+Z67+Z53 -> 20400 | AA80: =+AA11+AA25+AA39+AA67+AA53 -> 9600 | ... AI80: =+AI11+AI25+AI39+AI67+AI53 -> 0 | AJ80: =AJ53+AJ39+AJ25+AJ11+AJ67 -> 406800 | AK80: =AJ82 -> 1976 | AL80: =+AL11+AL25+AL39+AL53+AL67 -> 836214.01 | AM80: =AL82 -> 0
B81: Total | D81: NG (pcs.) | E81: =E55+E41+E27+E13 -> 0 | F81: =F55+F41+F27+F13 -> 0 | G81: =G55+G41+G27+G13 -> 0 | H81: =H55+H41+H27+H13 -> 0 | I81: =I55+I41+I27+I13 -> 0 | J81: =J55+J41+J27+J13 -> 0 | K81: =K55+K41+K27+K13 -> 0 | L81: =L55+L41+L27+L13 -> 0 | ... S81: =S55+S41+S27+S13 -> 0 | T81: =T55+T41+T27+T69 -> 0 | U81: =U55+U41+U27+U69 -> 0 | V81: =V55+V41+V27+V69 -> 0 | W81: =W55+W41+W27+W69 -> 0 | X81: =X55+X41+X27+X69 -> 0 | Y81: =Y55+Y41+Y27+Y69 -> 0 | Z81: =Z55+Z41+Z27+Z69 -> 0 | AA81: =AA55+AA41+AA27+AA69 -> 360 | ... AI81: =AI55+AI41+AI27+AI69 -> 0 | AJ81: =AJ55+AJ41+AJ27+AJ13+AJ69 -> 1220 | AK81: =AJ83 -> 0 | AL81: =AL55+AL41+AL27+AL13 -> 1040.3964 | AM81: =AL83 -> 0
D82: QC Sample partrol (pcs.) | E82: =E56+E42+E28+E14 -> 0 | F82: =F56+F42+F28+F14 -> 0 | G82: =G56+G42+G28+G14 -> 0 | H82: =H56+H42+H28+H14 -> 0 | I82: =I56+I42+I28+I14 -> 0 | J82: =J56+J42+J28+J14 -> 0 | K82: =K56+K42+K28+K14 -> 0 | L82: =L56+L42+L28+L14 -> 0 | ... S82: =S56+S42+S28+S14 -> 0 | T82: =T56+T42+T28+T70 -> 96 | U82: =U56+U42+U28+U70 -> 120 | V82: =V56+V42+V28+V70 -> 120 | W82: =W56+W42+W28+W70 -> 120 | X82: =X56+X42+X28+X70 -> 96 | Y82: =Y56+Y42+Y28+Y70 -> 96 | Z82: =Z56+Z42+Z28+Z70 -> 96 | AA82: =AA56+AA42+AA28+AA70 -> 48 | ... AI82: =AI56+AI42+AI28+AI70 -> 0 | AJ82: =AJ56+AJ42+AJ28+AJ14+AJ70 -> 1976 | AK82: =AJ84 -> 0.0029990167 | AL82: =AL56+AL42+AL28+AL14 -> 0 | AM82: =AL84 -> 0.0012441748
D83: =D57 -> INJ. Sample partrol (pcs.) | E83: =E57+E43+E29+E15 -> 0 | F83: =F57+F43+F29+F15 -> 0 | G83: =G57+G43+G29+G15 -> 0 | H83: =H57+H43+H29+H15 -> 0 | I83: =I57+I43+I29+I15 -> 0 | J83: =J57+J43+J29+J15 -> 0 | K83: =K57+K43+K29+K15 -> 0 | L83: =L57+L43+L29+L15 -> 0 | ... S83: =S57+S43+S29+S15 -> 0 | T83: =T57+T43+T29+T71 -> 0 | U83: =U57+U43+U29+U71 -> 0 | V83: =V57+V43+V29+V71 -> 0 | W83: =W57+W43+W29+W71 -> 0 | X83: =X57+X43+X29+X71 -> 0 | Y83: =Y57+Y43+Y29+Y71 -> 0 | Z83: =Z57+Z43+Z29+Z71 -> 0 | AA83: =AA57+AA43+AA29+AA71 -> 0 | ... AI83: =AI57+AI43+AI29+AI71 -> 0 | AJ83: =AJ57+AJ43+AJ29+AJ15+AJ71 -> 0 | AK83: =AJ85 -> 0 | AL83: =AL57+AL43+AL29+AL15 -> 0 | AM83: =AL85 -> 0
D84: Reject rate | E84: =E81/E80 -> #DIV/0! | F84: =F81/F80 -> #DIV/0! | G84: =G81/G80 -> #DIV/0! | H84: =H81/H80 -> #DIV/0! | I84: =I81/I80 -> #DIV/0! | J84: =J81/J80 -> #DIV/0! | K84: =K81/K80 -> #DIV/0! | L84: =L81/L80 -> #DIV/0! | ... AJ84: =AJ81/AJ80 -> 0.0029990167 | AK84: =AJ86 -> 0 | AL84: =AL81/AL80 -> 0.0012441748 | AM84: =AL86 -> 0
AK85: =AJ87 -> 0 | AP85: Summary data TRT and Advics products | AQ85: Wk1 | AR85: Wk2 | AS85: Wk3 | AT85: Wk4 | AU85: Wk5 | AV85: Total
AK86: =AJ88 -> 0 | AP86: Plan (pcs) | AQ86: =AQ38+AQ24+AQ10+AQ66 -> 40000 | AR86: =AR38+AR24+AR10+AR66 -> 90000 | AS86: =AS38+AS24+AS10+AS66 -> 90000 | AT86: =AT38+AT24+AT10+AT66 -> 90000 | AU86: =AU38+AU24+AU10+AU66 -> 40000 | AV86: =SUM(AQ86:AU86) -> 350000
AK87: =AJ89 -> 0 | AP87: Actual (pcs) | AQ87: =AQ39+AQ25+AQ11+AQ67 -> 32400 | AR87: =AR39+AR25+AR11+AR67 -> 146400 | AS87: =AS39+AS25+AS11+AS67 -> 138000 | AT87: =AT39+AT25+AT11+AT67 -> 90000 | AU87: =AU39+AU25+AU11+AU6+AU67 -> 0 | AV87: =SUM(AQ87:AU87) -> 406800
AK88: =AJ90 -> 0 | AP88: Deff. (pcs) | AQ88: =AQ87-AQ86 -> -7600 | AR88: =AR87-AR86 -> 56400 | AS88: =AS87-AS86 -> 48000 | AT88: =AT87-AT86 -> 0 | AU88: =AU87-AU86 -> -40000 | AV88: =SUM(AQ88:AU88) -> 56800
AK89: =AJ91 -> 0 | AP89: Throw away (pcs.) | AQ89: =AQ41+AQ27+AQ13+AQ69 -> 860 | AR89: =AR41+AR27+AR13+AR69 -> 0 | AS89: =AS41+AS27+AS13+AS69 -> 0 | AT89: =AT41+AT27+AT13+AT69 -> 360 | AU89: =AU41+AU27+AU13+AU69 -> 0 | AV89: =SUM(AQ89:AU89) -> 1220
AK90: =AJ92 -> 0 | AP90: % Defect | AQ90: =AQ89/AQ87 -> 0.02654321 | AR90: =AR89/AR87 -> 0 | AS90: =AS89/AS87 -> 0 | AT90: =AT89/AT87 -> 0.004 | AU90: =AU89/AU87 -> #DIV/0! | AV90: =AV89/AV87 -> 0.0029990167
AK91: =AJ93 -> 0 | AP91: Throwaway cost (THB) | AQ91: =AQ56+AQ42+AQ28+AQ14 -> 0 | AR91: =AR56+AR42+AR28+AR14 -> 0 | AS91: =AS56+AS42+AS28+AS14 -> 0 | AT91: =AT56+AT42+AT28+AT14 -> 1040.3964 | AU91: =AU56+AU42+AU28+AU14 -> 0 | AV91: =SUM(AQ91:AU91) -> 1040.3964
AK92: =AJ94 -> 0 | AP92: Production amount(THB) | AQ92: =AQ57+AQ43+AQ29+AQ15+AQ71 -> 66601.116 | AR92: =AR57+AR43+AR29+AR15+AR71 -> 300938.38 | AS92: =AS57+AS43+AS29+AS15+AS71 -> 283671.42 | AT92: =AT57+AT43+AT29+AT15+AT71 -> 185003.1 | AU92: =AU57+AU43+AU29+AU15+AU71 -> 0 | AV92: =SUM(AQ92:AU92) -> 836214.01
AK93: =AJ95 -> 0 | AP93: Total Production amount(THB) | AQ93: =AQ92+'Daily TRT '!AQ250+'Daily Yazaki'!AQ191+'Daily WDC'!AQ597+'Daily Nidec'!AQ64+'Daily Ramp'!AQ533+'Daily Seagate'!AQ37+'Daily Fujikura'!AQ65+'Daily Belton'!AQ79 -> 5035960.5 | AR93: =AR92+'Daily TRT '!AR250+'Daily Yazaki'!AR191+'Daily WDC'!AR597+'Daily Nidec'!AR64+'Daily Ramp'!AR533+'Daily Seagate'!AR37+'Daily Fujikura'!AR65+'Daily Belton'!AR79 -> 8684013.6 | AS93: =AS92+'Daily TRT '!AS250+'Daily Yazaki'!AS191+'Daily WDC'!AS597+'Daily Nidec'!AS64+'Daily Ramp'!AS533+'Daily Seagate'!AS37+'Daily Fujikura'!AS65+'Daily Belton'!AS79 -> 9017323.9 | AT93: =AT92+'Daily TRT '!AT250+'Daily Yazaki'!AT191+'Daily WDC'!AT597+'Daily Nidec'!AT64+'Daily Ramp'!AT533+'Daily Seagate'!AT37+'Daily Fujikura'!AT65+'Daily Belton'!AT79 -> 6761836.4 | AU93: =AU92+'Daily TRT '!AU250+'Daily Yazaki'!AU191+'Daily WDC'!AU597+'Daily Nidec'!AU64+'Daily Ramp'!AU533+'Daily Seagate'!AU37+'Daily Fujikura'!AU65+'Daily Belton'!AU79 -> 0 | AV93: =SUM(AQ93:AU93) -> 29499135
AK94: =AJ96 -> 0
AK95: =AJ97 -> 0
AK96: =AJ98 -> 0
AK97: =AJ99 -> 0
AK98: =AJ100 -> 0
AK99: =AJ101 -> 0
AK100: =AJ102 -> 0
AK101: =AJ103 -> 0
AK102: =AJ104 -> 0
AK103: =AJ105 -> 0
...

Sheet Daily TRT 
D4: Rev.1
A5: Production Daily Output for Automotive part in June 2026 | G5: 413134.25
A6: INJ sent to TL and related section before noon.
A7: M/C No. | B7: Part Name | C7: Std. O/H (Shot) | D7: Date | E7: June'2026 | F7: Column1 | G7: Column2 | H7: Column3 | I7: Column4 | J7: Column5 | K7: Column6 | L7: Column7 | M7: Column8 | N7: Column9 | O7: Column10 | P7: Column11 | Q7: Column12 | R7: Column13 | S7: Column14 | T7: Column15 | U7: Column16 | V7: Column17 | W7: Column18 | X7: Column19 | Y7: Column20 | Z7: Column21 | AA7: Column22 | AB7: Column23 | AC7: Column24 | AD7: Column25 | AE7: Column26 | AF7: Column262 | AG7: Column263 | AH7: Column264 | AI7: Column27 | AJ7: Total | AK7: Total Act. (pcs.) | AL7: Sale/Bahts. | AM7: Total Amount (THB) | AN7: Price/Pcs. | AO7: Material usage (Kg) | AP7: Column28 | AQ7: Column29 | AR7: Column30 | AS7: Column31 | AT7: Column32 | AU7: Column33 | AV7: Column35
E8: 46174 | F8: =Table511[[#This Row],[ June''2026]]+1 -> 46175 | G8: =Table511[[#This Row],[Column1]]+1 -> 46176 | H8: =Table511[[#This Row],[Column2]]+1 -> 46177 | I8: =Table511[[#This Row],[Column3]]+1 -> 46178 | J8: =Table511[[#This Row],[Column4]]+1 -> 46179 | K8: =Table511[[#This Row],[Column5]]+1 -> 46180 | L8: =Table511[[#This Row],[Column6]]+1 -> 46181 | M8: =Table511[[#This Row],[Column7]]+1 -> 46182 | N8: =Table511[[#This Row],[Column8]]+1 -> 46183 | O8: =Table511[[#This Row],[Column9]]+1 -> 46184 | P8: =Table511[[#This Row],[Column10]]+1 -> 46185 | Q8: =Table511[[#This Row],[Column11]]+1 -> 46186 | R8: =Table511[[#This Row],[Column12]]+1 -> 46187 | S8: =Table511[[#This Row],[Column13]]+1 -> 46188 | T8: =Table511[[#This Row],[Column14]]+1 -> 46189 | U8: =Table511[[#This Row],[Column15]]+1 -> 46190 | V8: =Table511[[#This Row],[Column16]]+1 -> 46191 | W8: =Table511[[#This Row],[Column17]]+1 -> 46192 | X8: =Table511[[#This Row],[Column18]]+1 -> 46193 | Y8: =Table511[[#This Row],[Column19]]+1 -> 46194 | Z8: =Table511[[#This Row],[Column20]]+1 -> 46195 | AA8: =Table511[[#This Row],[Column21]]+1 -> 46196 | AB8: =Table511[[#This Row],[Column22]]+1 -> 46197 | AC8: =Table511[[#This Row],[Column23]]+1 -> 46198 | AD8: =Table511[[#This Row],[Column24]]+1 -> 46199 | AE8: =Table511[[#This Row],[Column25]]+1 -> 46200 | AF8: =Table511[[#This Row],[Column26]]+1 -> 46201 | AG8: =Table511[[#This Row],[Column262]]+1 -> 46202 | AH8: =Table511[[#This Row],[Column263]]+1 -> 46203 | AI8: =Table511[[#This Row],[Column264]]+1 -> 46204
A9: A4(40ton) | B9: Connector M1 | C9: =Table511[[#This Row],[M/C No.]] -> A4(40ton) | D9: Plan (pcs.) | AJ9: =SUM(E9:AI9) -> 0 | AK9: =AJ11 -> 0 | AL9: =+AJ9*AN9 -> 0 | AM9: =AL11 -> 0 | AN9: 11.141959 | AP9: M/C A4 | AQ9: WK1 | AR9: WK2 | AS9: WK3 | AT9: WK4 | AU9: WK5 | AV9: Total
B10: 412871-2 | D10: Accumulated shot count | E10: =IF(E9="",0,+ E9/E16) -> 0 | F10: =IF(F9="",0, E10+F9/F16) -> 0 | G10: =IF(G9="",0, F10+G9/G16) -> 0 | H10: =IF(H9="",0, G10+H9/H16) -> 0 | I10: =IF(I9="",0, H10+I9/I16) -> 0 | J10: =IF(J9="",0, I10+J9/J16) -> 0 | K10: =IF(K9="",0, J10+K9/K16) -> 0 | L10: =IF(L9="",0, K10+L9/L16) -> 0 | M10: =IF(M9="",0, L10+M9/M16) -> 0 | ... AC10: =IF(AC9="",0, AB10+AC9/AC16) -> 0 | AD10: =IF(AD9="",0, Z10+AD9/AD16) -> 0 | AE10: =IF(AE9="",0, AA10+AE9/AE16) -> 0 | AF10: =IF(AF9="",0, AB10+AF9/AF16) -> 0 | AG10: =IF(AG9="",0, AC10+AG9/AG16) -> 0 | AH10: =IF(AH9="",0, AD10+AH9/AH16) -> 0 | AI10: =IF(AI9="",0, AH10+AI9/AI16) -> 0 | AK10: =AJ12 -> 0 | AM10: =AL12 -> 0 | AP10: Plan (pcs) | AQ10: =SUM(E9:K9) -> 0 | AR10: =SUM(L9:R9) -> 0 | AS10: =SUM(S9:Y9) -> 0 | AT10: =SUM(Z9:AF9) -> 0 | AU10: =SUM(AG9:AI9) -> 0 | AV10: =SUM(AQ10:AU10) -> 0
A11: A15 | B11: 2/2 Cav. | D11: Actual (pcs.) | AJ11: =SUM(E11:AI11) -> 0 | AK11: =AJ13 -> 0 | AL11: =+AJ11*AN9 -> 0 | AM11: =AL13 -> 0 | AP11: Actual (pcs) | AQ11: =SUM(E11:K11) -> 0 | AR11: =SUM(L11:R11) -> 0 | AS11: =SUM(S11:Y11) -> 0 | AT11: =SUM(Z11:AF11) -> 0 | AU11: =SUM(AG11:AI11) -> 0 | AV11: =SUM(AQ11:AU11) -> 0
A12: A15 | C12: STD. shot mold O/H | D12: Diff.from plan (pcs.) | E12: =+E11-E9 -> 0 | F12: =+F11-F9 -> 0 | G12: =+G11-G9 -> 0 | H12: =+H11-H9 -> 0 | I12: =+I11-I9 -> 0 | J12: =+J11-J9 -> 0 | K12: =+K11-K9 -> 0 | L12: =+L11-L9 -> 0 | ... AJ12: =+AJ11-AJ9 -> 0 | AK12: =AJ14 -> 0 | AL12: =+AJ12*AN9 -> 0 | AM12: =AL14 -> 0 | AN12: % Defect | AP12: Deff.(pcs.) | AQ12: =AQ11-AQ10 -> 0 | AR12: =AR11-AR10 -> 0 | AS12: =AS11-AS10 -> 0 | AT12: =AT11-AT10 -> 0 | AU12: =AU11-AU10 -> 0 | AV12: =SUM(AQ12:AU12) -> 0
C13: 1time/month | D13: Throw away (pcs.) | AJ13: =SUM(E13:AI13) -> 0 | AK13: =AJ15 -> 0 | AL13: =+AJ13*AN9 -> 0 | AM13: =AL15 -> 0 | AN13: =+AJ13/AJ11*100 -> #DIV/0! | AP13: Throwaway(pcs) | AQ13: =SUM(E13:K13) -> 0 | AR13: =SUM(L13:R13) -> 0 | AS13: =SUM(S13:Y13) -> 0 | AT13: =SUM(Z13:AF13) -> 0 | AU13: =SUM(AG13:AI13) -> 0 | AV13: =SUM(AQ13:AU13) -> 0
A14: A15 | D14: QC Sample partrol (pcs.) | AJ14: =SUM(E14:AI14) -> 0 | AK14: =AJ16 -> 0 | AL14: =+AJ14*AN9 -> 0 | AM14: =AL16 -> 0 | AP14: Throwaway cost (THB) | AQ14: =AQ13*AN9 -> 0 | AR14: =AR13*AN9 -> 0 | AS14: =AS13*AN9 -> 0 | AT14: =AT13*AN9 -> 0 | AU14: =AU13*AN9 -> 0 | AV14: =SUM(AQ14:AU14) -> 0
A15: A15 | C15: Screw O/H | D15: INJ. Sample partrol (pcs.) | AJ15: =SUM(E15:AI15) -> 0 | AK15: =AJ17 -> 0 | AL15: =+AJ15*AN9 -> 0 | AM15: =AL17 -> 0 | AP15: Production amount(THB) | AQ15: =AQ11*AN9 -> 0 | AR15: =AR11*AN9 -> 0 | AS15: =AS11*AN9 -> 0 | AT15: =AT11*AN9 -> 0 | AU15: =AU11*AN9 -> 0 | AV15: =SUM(AQ15:AU15) -> 0
A16: A15 | C16: 300000 | D16: Actual cav. | E16: 2 | F16: 2 | G16: 2 | H16: 2 | I16: 2 | J16: 2 | K16: 2 | L16: 2 | M16: 2 | N16: 2 | O16: 2 | P16: 2 | Q16: 2 | R16: 2 | S16: 2 | T16: 2 | U16: 2 | V16: 2 | W16: 2 | X16: 2 | Y16: 2 | Z16: 2 | AA16: 2 | AB16: 2 | AC16: 2 | AD16: 2 | AE16: 2 | AF16: 2 | AG16: 2 | AH16: 2 | AI16: 2 | AK16: =AJ18 -> 0 | AM16: =AL18 -> 0
A17: A15 | C17: Trigger line | D17: Shot cont | E17: =SUM(E11+E13+E15+E14)/E16 -> 0 | F17: =SUM(F11+F13+F15+F14)/F16 -> 0 | G17: =SUM(G11+G13+G15+G14)/G16 -> 0 | H17: =SUM(H11+H13+H15+H14)/H16 -> 0 | I17: =SUM(I11+I13+I15+I14)/I16 -> 0 | J17: =SUM(J11+J13+J15+J14)/J16 -> 0 | K17: =SUM(K11+K13+K15+K14)/K16 -> 0 | L17: =SUM(L11+L13+L15+L14)/L16 -> 0 | ... AI17: =SUM(AI11+AI13+AI15+AI14)/AI16 -> 0 | AJ17: =SUM(E17:AI17) -> 0 | AK17: =AJ19 -> 0 | AM17: =AL19 -> 0
C18: =+C16*0.8 -> 240000 | D18: Mold O/H | AK18: =AJ20 -> 0 | AM18: =AL20 -> 0
D19: Actual accumulated shot count | E19: =IF(E18="O/H",E17,0+E17) -> 0 | F19: =IF(F18="O/H",F17,+E19+F17) -> 0 | G19: =IF(G18="O/H",G17,+F19+G17) -> 0 | H19: =IF(H18="O/H",H17,+G19+H17) -> 0 | I19: =IF(I18="O/H",I17,+H19+I17) -> 0 | J19: =IF(J18="O/H",J17,+I19+J17) -> 0 | K19: =IF(K18="O/H",K17,+J19+K17) -> 0 | L19: =IF(L18="O/H",L17,+K19+L17) -> 0 | M19: =IF(M18="O/H",M17,+L19+M17) -> 0 | ... AI19: =IF(AI18="O/H",AI17,+AH19+AI17) -> 0 | AK19: =AJ21 -> 0 | AM19: =AL21 -> 0
A20: A3 | B20: TC200-0000-90-0004 | D20: Screw O/H | AK20: =AJ22 -> 0 | AM20: =AL22 -> 0
A21: A3 | D21: Actual accumulated shot count | E21: =IF(E20="O/H",E17,0+E17) -> 0 | F21: =IF(F20="O/H",F17,+E21+F17) -> 0 | G21: =IF(G20="O/H",G17,+F21+G17) -> 0 | H21: =IF(H20="O/H",H17,+G21+H17) -> 0 | I21: =IF(I20="O/H",I17,+H21+I17) -> 0 | J21: =IF(J20="O/H",J17,+I21+J17) -> 0 | K21: =IF(K20="O/H",K17,+J21+K17) -> 0 | L21: =IF(L20="O/H",L17,+K21+L17) -> 0 | M21: =IF(M20="O/H",M17,+L21+M17) -> 0 | ... AI21: =IF(AI20="O/H",AI17,+AH21+AI17) -> 0 | AK21: =AJ23 -> 0 | AM21: =AL23 -> 0
A22: A5(50ton) | B22: LIGHT GUIDE M2 | C22: =Table511[[#This Row],[M/C No.]] -> A5(50ton) | D22: Plan (pcs.) | AJ22: =SUM(E22:AI22) -> 0 | AK22: =AJ24 -> 0 | AL22: =+AJ22*AN22 -> 0 | AM22: =AL24 -> 0 | AN22: 8.82936 | AO22: =Table5[[#This Row],[Total]]*B26/1000 -> 0 | AP22: M/C A5 | AQ22: WK1 | AR22: WK2 | AS22: WK3 | AT22: WK4 | AU22: WK5 | AV22: Total
B23: 758684-0061 | D23: Accumulated shot count | E23: =IF(E22="",0,+ E22/E29) -> 0 | F23: =IF(F22="",0, E23+F22/F29) -> 0 | G23: =IF(G22="",0, F23+G22/G29) -> 0 | H23: =IF(H22="",0, G23+H22/H29) -> 0 | I23: =IF(I22="",0, H23+I22/I29) -> 0 | J23: =IF(J22="",0, I23+J22/J29) -> 0 | K23: =IF(K22="",0, J23+K22/K29) -> 0 | L23: =IF(L22="",0, K23+L22/L29) -> 0 | M23: =IF(M22="",0, L23+M22/M29) -> 0 | ... AC23: =IF(AC22="",0, AB23+AC22/AC29) -> 0 | AD23: =IF(AD22="",0, Z23+AD22/AD29) -> 0 | AE23: =IF(AE22="",0, AA23+AE22/AE29) -> 0 | AF23: =IF(AF22="",0, AB23+AF22/AF29) -> 0 | AG23: =IF(AG22="",0, AC23+AG22/AG29) -> 0 | AH23: =IF(AH22="",0, AD23+AH22/AH29) -> 0 | AI23: =IF(AI22="",0, AH23+AI22/AI29) -> 0 | AK23: =AJ25 -> 0 | AM23: =AL25 -> 0 | AP23: Plan (pcs) | AQ23: =SUM(E22:I22) -> 0 | AR23: =SUM(J22:P22) -> 0 | AS23: =SUM(Q22:W22) -> 0 | AT23: =SUM(X22:AD22) -> 0 | AU23: =SUM(AE22:AI22) -> 0 | AV23: =SUM(AQ23:AU23) -> 0
A24: A5 (B2) | B24: 2/2 Cav.. | D24: Actual (pcs.) | AJ24: =SUM(E24:AI24) -> 0 | AK24: =AJ26 -> 0 | AL24: =+AJ24*AN22 -> 0 | AM24: =AL26 -> 0 | AO24: =(AJ24+AJ26+AJ27+AJ28)*B26/1000 -> 0 | AP24: Actual (pcs) | AQ24: =SUM(E24:I24) -> 0 | AR24: =SUM(J24:P24) -> 0 | AS24: =SUM(Q24:W24) -> 0 | AT24: =SUM(X24:AD24) -> 0 | AU24: =SUM(AE24:AI24) -> 0 | AV24: =SUM(AQ24:AU24) -> 0
A25: A5 (B2) | B25: Part weight (g) | C25: STD. shot mold O/H | D25: Diff.from plan (pcs.) | E25: =+E24-E22 -> 0 | F25: =+F22-F24 -> 0 | G25: =+G22-G24 -> 0 | H25: =+H22-H24 -> 0 | I25: =+I22-I24 -> 0 | J25: =+J22-J24 -> 0 | K25: =+K22-K24 -> 0 | L25: =+L22-L24 -> 0 | M25: =+M22-M24 -> 0 | ... P25: =+P22-P24 -> 0 | Q25: 0 | R25: =+R22-R24 -> 0 | S25: =+S22-S24 -> 0 | T25: =+T22-T24 -> 0 | U25: =+U22-U24 -> 0 | V25: =+V22-V24 -> 0 | W25: =+W22-W24 -> 0 | X25: 0 | Y25: =+Y22-Y24 -> 0 | Z25: =+Z22-Z24 -> 0 | AA25: =+AA22-AA24 -> 0 | AB25: =+AB22-AB24 -> 0 | AC25: =+AC22-AC24 -> 0 | AD25: =+AD22-AD24 -> 0 | AE25: =+AE22-AE24 -> 0 | AF25: =+AF22-AF24 -> 0 | ... AI25: =+AI22-AI24 -> 0 | AJ25: =+AJ24-AJ22 -> 0 | AK25: =AJ27 -> 0 | AL25: =+AJ25*AN22 -> 0 | AM25: =AL27 -> 0 | AN25: % Defect | AP25: Deff.(pcs.) | AQ25: =AQ24-AQ23 -> 0 | AR25: =AR24-AR23 -> 0 | AS25: =AS24-AS23 -> 0 | AT25: =AT24-AT23 -> 0 | AU25: =AU24-AU23 -> 0 | AV25: =SUM(AQ25:AU25) -> 0
A26: A5 (B2) | B26: 14.286 | C26: 1time/month | D26: Throw away (pcs.) | AJ26: =SUM(E26:AI26) -> 0 | AK26: =AJ28 -> 0 | AL26: =+AJ26*AN22 -> 0 | AM26: =AL28 -> 0 | AN26: =+AJ26/AJ24*100 -> #DIV/0! | AO26: =AO24/AO22 -> #DIV/0! | AP26: Throwaway(pcs) | AQ26: =SUM(E26:I26) -> 0 | AR26: =SUM(J26:P26) -> 0 | AS26: =SUM(Q26:W26) -> 0 | AT26: =SUM(X26:AD26) -> 0 | AU26: =SUM(AE26:AI26) -> 0 | AV26: =SUM(AQ26:AU26) -> 0
A27: A15 | D27: QC Sample partrol (pcs.) | AJ27: =SUM(E27:AI27) -> 0 | AK27: =AJ29 -> 0 | AL27: =+AJ27*AN22 -> 0 | AM27: =AL29 -> 0 | AP27: Throwaway cost (THB) | AQ27: =AQ26*AN22 -> 0 | AR27: =AR26*AN22 -> 0 | AS27: =AS26*AN22 -> 0 | AT27: =AT26*AN22 -> 0 | AU27: =AU26*AN22 -> 0 | AV27: =SUM(AQ27:AU27) -> 0
A28: A15 | C28: Screw O/H | D28: INJ. Sample partrol (pcs.) | AJ28: =SUM(E28:AI28) -> 0 | AK28: =AJ30 -> 0 | AL28: =+AJ28*AN22 -> 0 | AM28: =AL30 -> 0 | AP28: Production amount(THB) | AQ28: =AQ24*AN22 -> 0 | AR28: =AR24*AN22 -> 0 | AS28: =AS24*AN22 -> 0 | AT28: =AT24*AN22 -> 0 | AU28: =AU24*AN22 -> 0 | AV28: =SUM(AQ28:AU28) -> 0
C29: 300000 | D29: Actual cav. | E29: 2 | F29: 2 | G29: 2 | H29: 2 | I29: 2 | J29: 2 | K29: 2 | L29: 2 | M29: 2 | N29: 2 | O29: 2 | P29: 2 | Q29: 2 | R29: 2 | S29: 2 | T29: 2 | U29: 2 | V29: 2 | W29: 2 | X29: 2 | Y29: 2 | Z29: 2 | AA29: 2 | AB29: 2 | AC29: 2 | AD29: 2 | AE29: 2 | AF29: 2 | AG29: 2 | AH29: 2 | AI29: 2 | AK29: =AJ31 -> 0 | AM29: =AL31 -> 0
A30: A5 (B2) | C30: Trigger line | D30: Shot cont | E30: =SUM(E24+E26+E28)/E29 -> 0 | F30: =SUM(F24+F26+F28)/F29 -> 0 | G30: =SUM(G24+G26+G28)/G29 -> 0 | H30: =SUM(H24+H26+H28)/H29 -> 0 | I30: =SUM(I24+I26+I28)/I29 -> 0 | J30: =SUM(J24+J26+J28)/J29 -> 0 | K30: =SUM(K24+K26+K28)/K29 -> 0 | L30: =SUM(L24+L26+L28)/L29 -> 0 | ... AI30: =SUM(AI24+AI26+AI28)/AI29 -> 0 | AJ30: =SUM(E30:AI30) -> 0 | AK30: =AJ32 -> 0 | AM30: =AL32 -> 0
A31: A5 (B2) | C31: =+C29*0.8 -> 240000 | D31: Mold O/H | AK31: =AJ33 -> 0 | AM31: =AL33 -> 0
A32: A5 (B2) | D32: Actual accumulated shot count | E32: =IF(E31="O/H",E30,0+E30) -> 0 | F32: =IF(F31="O/H",F30,+E32+F30) -> 0 | G32: =IF(G31="O/H",G30,+F32+G30) -> 0 | H32: =IF(H31="O/H",H30,+G32+H30) -> 0 | I32: =IF(I31="O/H",I30,+H32+I30) -> 0 | J32: =IF(J31="O/H",J30,+I32+J30) -> 0 | K32: =IF(K31="O/H",K30,+J32+K30) -> 0 | L32: =IF(L31="O/H",L30,+K32+L30) -> 0 | M32: =IF(M31="O/H",M30,+L32+M30) -> 0 | ... AI32: =IF(AI31="O/H",AI30,+AH32+AI30) -> 0 | AK32: =AJ34 -> 0 | AM32: =AL34 -> 0
A33: A5 (B2) | B33: TR200-0000-90-0002 | D33: Screw O/H | AK33: =AJ35 -> 0 | AM33: =AL35 -> 0
A34: A5 (B2) | D34: Actual accumulated shot count | E34: =IF(E33="O/H",E30,0+E30) -> 0 | F34: =IF(F33="O/H",F30,+E34+F30) -> 0 | G34: =IF(G33="O/H",G30,+F34+G30) -> 0 | H34: =IF(H33="O/H",H30,+G34+H30) -> 0 | I34: =IF(I33="O/H",I30,+H34+I30) -> 0 | J34: =IF(J33="O/H",J30,+I34+J30) -> 0 | K34: =IF(K33="O/H",K30,+J34+K30) -> 0 | L34: =IF(L33="O/H",L30,+K34+L30) -> 0 | M34: =IF(M33="O/H",M30,+L34+M30) -> 0 | ... AI34: =IF(AI33="O/H",AI30,+AH34+AI30) -> 0 | AK34: =AJ36 -> 0 | AM34: =AL36 -> 0
A35: A5(50ton) | B35: LENS PUSH (355W) | C35: =Table511[[#This Row],[M/C No.]] -> A5(50ton) | D35: Plan (pcs.) | AJ35: =SUM(E35:AI35) -> 0 | AK35: =AJ37 -> 0 | AL35: =+AJ35*AN35 -> 0 | AM35: =AL37 -> 0 | AN35: 0.019229618 | AO35: =Table5[[#This Row],[Total]]*B39/1000 -> 0 | AP35: M/C A5 | AQ35: WK1 | AR35: WK2 | AS35: WK3 | AT35: WK4 | AU35: WK5 | AV35: Total
B36: 75D330-0020 | D36: Accumulated shot count | E36: =IF(E35="",0,+ E35/E42) -> 0 | F36: =IF(F35="",0, E36+F35/F42) -> 0 | G36: =IF(G35="",0, F36+G35/G42) -> 0 | H36: =IF(H35="",0, G36+H35/H42) -> 0 | I36: =IF(I35="",0, H36+I35/I42) -> 0 | J36: =IF(J35="",0, I36+J35/J42) -> 0 | K36: =IF(K35="",0, J36+K35/K42) -> 0 | L36: =IF(L35="",0, K36+L35/L42) -> 0 | M36: =IF(M35="",0, L36+M35/M42) -> 0 | ... AC36: =IF(AC35="",0, AB36+AC35/AC42) -> 0 | AD36: =IF(AD35="",0, Z36+AD35/AD42) -> 0 | AE36: =IF(AE35="",0, AA36+AE35/AE42) -> 0 | AF36: =IF(AF35="",0, AB36+AF35/AF42) -> 0 | AG36: =IF(AG35="",0, AC36+AG35/AG42) -> 0 | AH36: =IF(AH35="",0, AD36+AH35/AH42) -> 0 | AI36: =IF(AI35="",0, AH36+AI35/AI42) -> 0 | AK36: =AJ38 -> 0 | AM36: =AL38 -> 0 | AP36: Plan (pcs) | AQ36: =SUM(E35:K35) -> 0 | AR36: =SUM(L35:R35) -> 0 | AS36: =SUM(S35:Y35) -> 0 | AT36: =SUM(Z35:AF35) -> 0 | AU36: =SUM(AG35:AI35) -> 0 | AV36: =SUM(AQ36:AU36) -> 0
A37: A5 (B2) | B37: 8/8 Cav. | D37: Actual (pcs.) | AJ37: =SUM(E37:AI37) -> 0 | AK37: =AJ39 -> 0 | AL37: =+AJ37*AN35 -> 0 | AM37: =AL39 -> 0 | AO37: =(AJ37+AJ39+AJ40+AJ41)*B39/1000 -> 0 | AP37: Actual (pcs) | AQ37: =SUM(E37:K37) -> 0 | AR37: =SUM(L37:R37) -> 0 | AS37: =SUM(S37:Y37) -> 0 | AT37: =SUM(Z37:AF37) -> 0 | AU37: =SUM(AG37:AI37) -> 0 | AV37: =SUM(AQ37:AU37) -> 0
A38: A5 (B2) | B38: Part weight (g) | C38: STD. shot mold O/H | D38: Diff.from plan (pcs.) | E38: =+E35-E37 -> 0 | F38: =+F35-F37 -> 0 | G38: =+G35-G37 -> 0 | H38: =+H35-H37 -> 0 | I38: =+I35-I37 -> 0 | J38: =+J35-J37 -> 0 | K38: =+K35-K37 -> 0 | L38: =+L35-L37 -> 0 | ... AI38: =+AI35-AI37 -> 0 | AJ38: =+AJ37-AJ35 -> 0 | AK38: =AJ40 -> 0 | AL38: =+AJ38*AN35 -> 0 | AM38: =AL40 -> 0 | AN38: % Defect | AP38: Deff.(pcs.) | AQ38: =AQ37-AQ36 -> 0 | AR38: =AR37-AR36 -> 0 | AS38: =AS37-AS36 -> 0 | AT38: =AT37-AT36 -> 0 | AU38: =AU37-AU36 -> 0 | AV38: =SUM(AQ38:AU38) -> 0
B39: 0.844 | C39: 1time/month | D39: Throw away (pcs.) | AJ39: =SUM(E39:AI39) -> 0 | AK39: =AJ41 -> 0 | AL39: =+AJ39*AN35 -> 0 | AM39: =AL41 -> 0 | AN39: =+AJ39/AJ37*100 -> #DIV/0! | AO39: =AO37/AO35 -> #DIV/0! | AP39: Throwaway(pcs) | AQ39: =SUM(E39:K39) -> 0 | AR39: =SUM(L39:R39) -> 0 | AS39: =SUM(S39:Y39) -> 0 | AT39: =SUM(Z39:AF39) -> 0 | AU39: =SUM(AG39:AI39) -> 0 | AV39: =SUM(AQ39:AU39) -> 0
A40: A15 | D40: QC Sample partrol (pcs.) | AJ40: =SUM(E40:AI40) -> 0 | AK40: =AJ42 -> 0 | AL40: =+AJ40*AN34 -> 0 | AM40: =AL42 -> 0 | AP40: Throwaway cost (THB) | AQ40: =AQ39*AN35 -> 0 | AR40: =AR39*AN35 -> 0 | AS40: =AS39*AN35 -> 0 | AT40: =AT39*AN35 -> 0 | AU40: =AU39*AN35 -> 0 | AV40: =SUM(AQ40:AU40) -> 0
A41: A15 | C41: Screw O/H | D41: INJ. Sample partrol (pcs.) | AJ41: =SUM(E41:AI41) -> 0 | AK41: =AJ43 -> 0 | AL41: =+AJ41*AN35 -> 0 | AM41: =AL43 -> 0 | AP41: Production amount(THB) | AQ41: =AQ37*AN35 -> 0 | AR41: =AR37*AN35 -> 0 | AS41: =AS37*AN35 -> 0 | AT41: =AT37*AN35 -> 0 | AU41: =AU37*AN35 -> 0 | AV41: =SUM(AQ41:AU41) -> 0
C42: 300000 | D42: Actual cav. | E42: 7 | F42: 7 | G42: 7 | H42: 7 | I42: 7 | J42: 7 | K42: 7 | L42: 7 | M42: 7 | N42: 7 | O42: 7 | P42: 7 | Q42: 7 | R42: 7 | S42: 7 | T42: 7 | U42: 7 | V42: 7 | W42: 7 | X42: 7 | Y42: 7 | Z42: 7 | AA42: 7 | AB42: 7 | AC42: 7 | AD42: 7 | AE42: 7 | AF42: 7 | AG42: 7 | AH42: 7 | AI42: 7 | AK42: =AJ44 -> 0 | AM42: =AL44 -> 0
A43: A5 (B2) | C43: Trigger line | D43: Shot cont | E43: =SUM(E37+E39+E41)/E42 -> 0 | F43: =SUM(F37+F39+F41)/F42 -> 0 | G43: =SUM(G37+G39+G41)/G42 -> 0 | H43: =SUM(H37+H39+H41)/H42 -> 0 | I43: =SUM(I37+I39+I41)/I42 -> 0 | J43: =SUM(J37+J39+J41)/J42 -> 0 | K43: =SUM(K37+K39+K41)/K42 -> 0 | L43: =SUM(L37+L39+L41)/L42 -> 0 | ... AI43: =SUM(AI37+AI39+AI41)/AI42 -> 0 | AJ43: =SUM(E43:AI43) -> 0 | AK43: =AJ45 -> 0 | AM43: =AL45 -> 0
C44: =+C42*0.8 -> 240000 | D44: Mold O/H | AK44: =AJ46 -> 0 | AM44: =AL46 -> 0
D45: Actual accumulated shot count | E45: =IF(E44="O/H",E43,+E43) -> 0 | F45: =IF(F44="O/H",F43,+E45+F43) -> 0 | G45: =IF(G44="O/H",G43,+F45+G43) -> 0 | H45: =IF(H44="O/H",H43,+G45+H43) -> 0 | I45: =IF(I44="O/H",I43,+H45+I43) -> 0 | J45: =IF(J44="O/H",J43,+I45+J43) -> 0 | K45: =IF(K44="O/H",K43,+J45+K43) -> 0 | L45: =IF(L44="O/H",L43,+K45+L43) -> 0 | M45: =IF(M44="O/H",M43,+L45+M43) -> 0 | ... AI45: =IF(AI44="O/H",AI43,+AH45+AI43) -> 0 | AK45: =AJ47 -> 0 | AM45: =AL47 -> 0
A46: A3 | B46: TR200-0000-90-0028 | D46: Screw O/H | AK46: =AJ48 -> 0 | AM46: =AL48 -> 0
A47: A3 | D47: Actual accumulated shot count | E47: =IF(E46="O/H",E43,+E43) -> 0 | F47: =IF(F46="O/H",F43,+E47+F43) -> 0 | G47: =IF(G46="O/H",G43,+F47+G43) -> 0 | H47: =IF(H46="O/H",H43,+G47+H43) -> 0 | I47: =IF(I46="O/H",I43,+H47+I43) -> 0 | J47: =IF(J46="O/H",J43,+I47+J43) -> 0 | K47: =IF(K46="O/H",K43,+J47+K43) -> 0 | L47: =IF(L46="O/H",L43,+K47+L43) -> 0 | M47: =IF(M46="O/H",M43,+L47+M43) -> 0 | ... AI47: =IF(AI46="O/H",AI43,+AH47+AI43) -> 0 | AK47: =AJ49 -> 0 | AM47: =AL49 -> 0
A48: A5(50ton) | B48: LENS (D40D) (Natural) | C48: =Table511[[#This Row],[M/C No.]] -> A5(50ton) | D48: Plan (pcs.) | AJ48: =SUM(E48:AI48) -> 0 | AK48: =AJ50 -> 0 | AL48: =+AJ48*AN48 -> 0 | AM48: =AL50 -> 0 | AN48: 3.5691 | AO48: =Table511[[#This Row],[Total]]*B52/1000 -> 0 | AP48: M/C A5 | AQ48: WK1 | AR48: WK2 | AS48: WK3 | AT48: WK4 | AU48: WK5 | AV48: Total
B49: 77B008-0020 | D49: Accumulated shot count | E49: =IF(E48="",0,+ E48/E55) -> 0 | F49: 0 | G49: =IF(G48="",0, F49+G48/G55) -> 0 | H49: =IF(H48="",0, G49+H48/H55) -> 0 | I49: =IF(I48="",0, H49+I48/I55) -> 0 | J49: =IF(J48="",0, I49+J48/J55) -> 0 | K49: =IF(K48="",0, J49+K48/K55) -> 0 | L49: =IF(L48="",0, K49+L48/L55) -> 0 | M49: =IF(M48="",0, L49+M48/M55) -> 0 | N49: =IF(N48="",0, M49+N48/N55) -> 0 | ... AC49: =IF(AC48="",0, AB49+AC48/AC55) -> 0 | AD49: =IF(AD48="",0, Z49+AD48/AD55) -> 0 | AE49: =IF(AE48="",0, AA49+AE48/AE55) -> 0 | AF49: =IF(AF48="",0, AB49+AF48/AF55) -> 0 | AG49: =IF(AG48="",0, AC49+AG48/AG55) -> 0 | AH49: =IF(AH48="",0, AD49+AH48/AH55) -> 0 | AI49: =IF(AI48="",0, AH49+AI48/AI55) -> 0 | AK49: =AJ51 -> 0 | AM49: =AL51 -> 0 | AP49: Plan (pcs) | AQ49: =SUM(E48:H48) -> 0 | AR49: =SUM(I48:O48) -> 0 | AS49: =SUM(P48:V48) -> 0 | AT49: =SUM(W48:AC48) -> 0 | AU49: =SUM(AD48:AI48) -> 0 | AV49: =SUM(AQ49:AU49) -> 0
A50: A5 (B2) | B50: 2/2 Cav. | D50: Actual (pcs.) | AJ50: =SUM(E50:AI50) -> 0 | AK50: =AJ52 -> 0 | AL50: =+AJ50*AN48 -> 0 | AM50: =AL52 -> 0 | AO50: =(AJ50+AJ52+AJ53+AJ54)*B52/1000 -> 0 | AP50: Actual (pcs) | AQ50: =SUM(E50:H50) -> 0 | AR50: =SUM(I50:O50) -> 0 | AS50: =SUM(P50:V50) -> 0 | AT50: =SUM(W50:AC50) -> 0 | AU50: =SUM(AD50:AI50) -> 0 | AV50: =SUM(AQ50:AU50) -> 0
A51: A5 (B2) | B51: Part weight (g) | C51: STD. shot mold O/H | D51: Diff.from plan (pcs.) | E51: =+E50-E48 -> 0 | F51: =+F50-F48 -> 0 | G51: =+G50-G48 -> 0 | H51: =+H50-H48 -> 0 | I51: =+I50-I48 -> 0 | J51: =+J50-J48 -> 0 | K51: =+K50-K48 -> 0 | L51: 0 | M51: =+M50-M48 -> 0 | N51: =+N50-N48 -> 0 | O51: =+O50-O48 -> 0 | P51: =+P50-P48 -> 0 | Q51: =+Q50-Q48 -> 0 | R51: =+R50-R48 -> 0 | S51: =+S50-S48 -> 0 | T51: =+T50-T48 -> 0 | ... AJ51: =+AJ50-AJ48 -> 0 | AK51: =AJ53 -> 0 | AL51: =+AJ51*AN48 -> 0 | AM51: =AL53 -> 0 | AN51: % Defect | AP51: Deff.(pcs.) | AQ51: =AQ50-AQ49 -> 0 | AR51: =AR50-AR49 -> 0 | AS51: =AS50-AS49 -> 0 | AT51: =AT50-AT49 -> 0 | AU51: =AU50-AU49 -> 0 | AV51: =SUM(AQ51:AU51) -> 0
B52: 1.017 | C52: 1time/month | D52: Throw away (pcs.) | AJ52: =SUM(E52:AI52) -> 0 | AK52: =AJ54 -> 0 | AL52: =+AJ52*AN48 -> 0 | AM52: =AL54 -> 0 | AN52: =+AJ52/AJ50*100 -> #DIV/0! | AO52: =AO50/AO48 -> #DIV/0! | AP52: Throwaway(pcs) | AQ52: =SUM(E52:H52) -> 0 | AR52: =SUM(I52:O52) -> 0 | AS52: =SUM(P52:V52) -> 0 | AT52: =SUM(W52:AC52) -> 0 | AU52: =SUM(AD52:AI52) -> 0 | AV52: =SUM(AQ52:AU52) -> 0
A53: A15 | B53: (PC) IUPILON S-3000UR - NATURAL | D53: QC Sample partrol (pcs.) | AJ53: =SUM(E53:AI53) -> 0 | AK53: =AJ55 -> 0 | AL53: =+AJ53*AN47 -> 0 | AM53: =AL55 -> 0 | AP53: Throwaway cost (THB) | AQ53: =AQ52*AN48 -> 0 | AR53: =AR52*AN48 -> 0 | AS53: =AS52*AN48 -> 0 | AT53: =AT52*AN48 -> 0 | AU53: =AU52*AN48 -> 0 | AV53: =SUM(AQ53:AU53) -> 0
A54: A15 | B54: (PC) IUPILON DS3002R 7031A NATURAL | C54: Screw O/H | D54: INJ. Sample partrol (pcs.) | AJ54: =SUM(E54:AI54) -> 0 | AK54: =AJ56 -> 0 | AL54: =+AJ54*AN48 -> 0 | AM54: =AL56 -> 0 | AP54: Production amount(THB) | AQ54: =AQ50*AN48 -> 0 | AR54: =AR50*AN48 -> 0 | AS54: =AS50*AN48 -> 0 | AT54: =AT50*AN48 -> 0 | AU54: =AU50*AN48 -> 0 | AV54: =SUM(AQ54:AU54) -> 0
C55: 300000 | D55: Actual cav. | E55: 2 | F55: 2 | G55: 2 | H55: 2 | I55: 2 | J55: 2 | K55: 2 | L55: 2 | M55: 2 | N55: 2 | O55: 2 | P55: 2 | Q55: 2 | R55: 2 | S55: 2 | T55: 2 | U55: 2 | V55: 2 | W55: 2 | X55: 2 | Y55: 2 | Z55: 2 | AA55: 2 | AB55: 2 | AC55: 2 | AD55: 2 | AE55: 2 | AF55: 2 | AG55: 2 | AH55: 2 | AI55: 1 | AK55: =AJ57 -> 0 | AM55: =AL57 -> 0
A56: A5 (B2) | C56: Trigger line | D56: Shot cont | E56: =SUM(E50+E52+E54+E53)/E55 -> 0 | F56: =SUM(F50+F52+F54+F53)/F55 -> 0 | G56: =SUM(G50+G52+G54+G53)/G55 -> 0 | H56: =SUM(H50+H52+H54+H53)/H55 -> 0 | I56: =SUM(I50+I52+I54+I53)/I55 -> 0 | J56: =SUM(J50+J52+J54+J53)/J55 -> 0 | K56: =SUM(K50+K52+K54+K53)/K55 -> 0 | L56: =SUM(L50+L52+L54+L53)/L55 -> 0 | ... AI56: =SUM(AI50+AI52+AI54+AI53)/AI55 -> 0 | AJ56: =SUM(E56:AI56) -> 0 | AK56: =AJ58 -> 0 | AM56: =AL58 -> 0
C57: =+C55*0.8 -> 240000 | D57: Mold O/H | AK57: =AJ59 -> 0 | AM57: =AL59 -> 0
D58: Actual accumulated shot count | E58: =IF(E57="O/H",E56,0+E56) -> 0 | F58: =IF(F57="O/H",F56,+E58+F56) -> 0 | G58: =IF(G57="O/H",G56,+F58+G56) -> 0 | H58: =IF(H57="O/H",H56,+G58+H56) -> 0 | I58: =IF(I57="O/H",I56,+H58+I56) -> 0 | J58: =IF(J57="O/H",J56,+I58+J56) -> 0 | K58: =IF(K57="O/H",K56,+J58+K56) -> 0 | L58: =IF(L57="O/H",L56,+K58+L56) -> 0 | M58: =IF(M57="O/H",M56,+L58+M56) -> 0 | ... AI58: =IF(AI57="O/H",AI56,+AH58+AI56) -> 0 | AK58: =AJ60 -> 0 | AM58: =AL60 -> 0
D59: Total Mold Shot counter Actual | E59: =IF(AND(ISNUMBER(E50)),2069799+E56) -> FALSE | F59: =IF(AND(ISNUMBER(F50)),E59+F56,"") | G59: =IF(AND(ISNUMBER(G50)),F59+G56,"") | H59: =IF(AND(ISNUMBER(H50)),G59+H56,"") | I59: =IF(AND(ISNUMBER(I50)),H59+I56,"") | J59: =IF(AND(ISNUMBER(J50)),I59+J56,"") | K59: =IF(AND(ISNUMBER(K50)),J59+K56,"") | L59: =IF(AND(ISNUMBER(L50)),K59+L56,"") | M59: =IF(AND(ISNUMBER(M50)),L59+M56,"") | ... AI59: =IF(AND(ISNUMBER(AI50)),AH59+AI56,"") | AK59: =AJ61 -> 0 | AM59: =AL61 -> 0
A60: A3 | B60: TR200-0000-90-0005 | D60: Screw O/H | AK60: =AJ62 -> 0 | AM60: =AL62 -> 0
A61: A3 | D61: Actual accumulated shot count | E61: =IF(E60="O/H",E56,0+E56) -> 0 | F61: =IF(F60="O/H",F56,+E61+F56) -> 0 | G61: =IF(G60="O/H",G56,+F61+G56) -> 0 | H61: =IF(H60="O/H",H56,+G61+H56) -> 0 | I61: =IF(I60="O/H",I56,+H61+I56) -> 0 | J61: =IF(J60="O/H",J56,+I61+J56) -> 0 | K61: =IF(K60="O/H",K56,+J61+K56) -> 0 | L61: =IF(L60="O/H",L56,+K61+L56) -> 0 | M61: =IF(M60="O/H",M56,+L61+M56) -> 0 | ... AI61: =IF(AI60="O/H",AI56,+AH61+AI56) -> 0 | AK61: =AJ63 -> 0 | AM61: =AL63 -> 0
A62: A4(40ton) | B62: PUSHER W/L (RT50) | C62: =Table511[[#This Row],[M/C No.]] -> A4(40ton) | D62: Plan (pcs.) | AJ62: =SUM(Table511[[#This Row],[ June''2026]:[Column264]]) -> 0 | AK62: =AJ64 -> 0 | AL62: =+AJ62*AN62 -> 0 | AM62: =AL64 -> 0 | AN62: 4.8538437 | AP62: M/C A4 | AQ62: WK1 | AR62: WK2 | AS62: WK3 | AT62: WK4 | AU62: WK5 | AV62: Total
B63: 515483-0071 | D63: Accumulated shot count | E63: =IF(E62="",0,+ E62/E69) -> 0 | F63: =IF(F62="",0, E63+F62/F69) -> 0 | G63: =IF(G62="",0, F63+G62/G69) -> 0 | H63: =IF(H62="",0, G63+H62/H69) -> 0 | I63: =IF(I62="",0, H63+I62/I69) -> 0 | J63: =IF(J62="",0, I63+J62/J69) -> 0 | K63: =IF(K62="",0, J63+K62/K69) -> 0 | L63: =IF(L62="",0, K63+L62/L69) -> 0 | M63: =IF(M62="",0, L63+M62/M69) -> 0 | ... AC63: =IF(AC62="",0, AB63+AC62/AC69) -> 0 | AD63: =IF(AD62="",0, Z63+AD62/AD69) -> 0 | AE63: =IF(AE62="",0, AA63+AE62/AE69) -> 0 | AF63: =IF(AF62="",0, AB63+AF62/AF69) -> 0 | AG63: =IF(AG62="",0, AC63+AG62/AG69) -> 0 | AH63: =IF(AH62="",0, AD63+AH62/AH69) -> 0 | AI63: =IF(AI62="",0, AH63+AI62/AI69) -> 0 | AK63: =AJ65 -> 0 | AM63: =AL65 -> 0 | AP63: Plan (pcs) | AQ63: =SUM(E62:K62) -> 0 | AR63: =SUM(L62:R62) -> 0 | AS63: =SUM(S62:Y62) -> 0 | AT63: =SUM(Z62:AF62) -> 0 | AU63: =SUM(AG62:AI62) -> 0 | AV63: =SUM(AQ63:AU63) -> 0
A64: A5 (B2) | B64: 2/2 Cav. | D64: Actual (pcs.) | AJ64: =SUM(E64:AI64) -> 0 | AK64: =AJ66 -> 0 | AL64: =+AJ64*AN62 -> 0 | AM64: =AL66 -> 0 | AO64: =(AJ64+AJ66+AJ67+AJ68)*B66/1000 -> 0 | AP64: Actual (pcs) | AQ64: =SUM(E64:K64) -> 0 | AR64: =SUM(L64:R64) -> 0 | AS64: =SUM(S64:Y64) -> 0 | AT64: =SUM(Z64:AF64) -> 0 | AU64: =SUM(AG64:AI64) -> 0 | AV64: =SUM(AQ64:AU64) -> 0
A65: A5 (B2) | B65: Part weight (g) | C65: STD. shot mold O/H | D65: Diff.from plan (pcs.) | E65: =+E64-E62 -> 0 | F65: =+F64-F62 -> 0 | G65: =+G64-G62 -> 0 | H65: =+H64-H62 -> 0 | I65: =+I64-I62 -> 0 | J65: =+J64-J62 -> 0 | K65: =+K64-K62 -> 0 | L65: =+L64-L62 -> 0 | ... AJ65: =+AJ64-AJ62 -> 0 | AK65: =AJ67 -> 0 | AL65: =+AJ65*AN62 -> 0 | AM65: =AL67 -> 0 | AN65: % Defect | AP65: Deff.(pcs.) | AQ65: =AQ64-AQ63 -> 0 | AR65: =AR64-AR63 -> 0 | AS65: =AS64-AS63 -> 0 | AT65: =AT64-AT63 -> 0 | AU65: =AU64-AU63 -> 0 | AV65: =SUM(AQ65:AU65) -> 0
A66: A5 (B2) | B66: 14.286 | C66: 1time/month | D66: Throw away (pcs.) | AJ66: =SUM(E66:AI66) -> 0 | AK66: =AJ68 -> 0 | AL66: =+AJ66*AN62 -> 0 | AM66: =AL68 -> 0 | AN66: =+AJ66/AJ64*100 -> #DIV/0! | AO66: =AO64/AO62 -> #DIV/0! | AP66: Throwaway(pcs) | AQ66: =SUM(E66:K66) -> 0 | AR66: =SUM(L66:R66) -> 0 | AS66: =SUM(S66:Y66) -> 0 | AT66: =SUM(Z66:AF66) -> 0 | AU66: =SUM(AG66:AI66) -> 0 | AV66: =SUM(AQ66:AU66) -> 0
A67: A15 | D67: QC Sample partrol (pcs.) | AJ67: =SUM(E67:AI67) -> 0 | AK67: =AJ69 -> 0 | AL67: =+AJ67*AN61 -> 0 | AM67: =AL69 -> 0 | AP67: Throwaway cost (THB) | AQ67: =AQ66*AN62 -> 0 | AR67: =AR66*AN62 -> 0 | AS67: =AS66*AN62 -> 0 | AT67: =AT66*AN62 -> 0 | AU67: =AU66*AN62 -> 0 | AV67: =SUM(AQ67:AU67) -> 0
A68: A15 | C68: Screw O/H | D68: INJ. Sample partrol (pcs.) | AJ68: =SUM(E68:AI68) -> 0 | AK68: =AJ70 -> 0 | AL68: =+AJ68*AN62 -> 0 | AM68: =AL70 -> 0 | AP68: Production amount(THB) | AQ68: =AQ64*AN62 -> 0 | AR68: =AR64*AN62 -> 0 | AS68: =AS64*AN62 -> 0 | AT68: =AT64*AN62 -> 0 | AU68: =AU64*AN62 -> 0 | AV68: =SUM(AQ68:AU68) -> 0
C69: 300000 | D69: Actual cav. | E69: 2 | F69: 2 | G69: 2 | H69: 2 | I69: 2 | J69: 2 | K69: 2 | L69: 2 | M69: 2 | N69: 2 | O69: 2 | P69: 2 | Q69: 2 | R69: 2 | S69: 2 | T69: 2 | U69: 2 | V69: 2 | W69: 2 | X69: 2 | Y69: 2 | Z69: 2 | AA69: 2 | AB69: 2 | AC69: 2 | AD69: 2 | AE69: 2 | AF69: 2 | AG69: 2 | AH69: 2 | AI69: 2 | AK69: =AJ71 -> 0 | AM69: =AL71 -> 0
A70: A5 (B2) | C70: Trigger line | D70: Shot cont | E70: =SUM(E64+E66+E68)/E69 -> 0 | F70: =SUM(F64+F66+F68)/F69 -> 0 | G70: =SUM(G64+G66+G68+G67)/G69 -> 0 | H70: =SUM(H64+H66+H68+H67)/H69 -> 0 | I70: =SUM(I64+I66+I68+I67)/I69 -> 0 | J70: =SUM(J64+J66+J68+J67)/J69 -> 0 | K70: =SUM(K64+K66+K68+K67)/K69 -> 0 | L70: =SUM(L64+L66+L68+L67)/L69 -> 0 | M70: =SUM(M64+M66+M68+M67)/M69 -> 0 | N70: =SUM(N64+N66+N68+N67)/N69 -> 0 | ... R70: =SUM(R64+R66+R68+R67)/R69 -> 0 | S70: =SUM(S64+S66+S68)/S69 -> 0 | T70: =SUM(T64+T66+T68)/T69 -> 0 | U70: =SUM(U64+U66+U68)/U69 -> 0 | V70: =SUM(V64+V66+V68)/V69 -> 0 | W70: =SUM(W64+W66+W68)/W69 -> 0 | X70: =SUM(X64+X66+X68)/X69 -> 0 | Y70: =SUM(Y64+Y66+Y68)/Y69 -> 0 | Z70: =SUM(Z64+Z66+Z68)/Z69 -> 0 | ... AI70: =SUM(AI64+AI66+AI68)/AI69 -> 0 | AJ70: =SUM(E70:AI70) -> 0 | AK70: =AJ72 -> 0 | AM70: =AL72 -> 0
C71: =+C69*0.8 -> 240000 | D71: Mold O/H | AK71: =AJ73 -> 0 | AM71: =AL73 -> 0
D72: Actual accumulated shot count | E72: =IF(E71="O/H",E70,11099+E70) -> 11099 | F72: =IF(F71="O/H",F70,+E72+F70) -> 11099 | G72: =IF(G71="O/H",G70,+F72+G70) -> 11099 | H72: =IF(H71="O/H",H70,+G72+H70) -> 11099 | I72: =IF(I71="O/H",I70,+H72+I70) -> 11099 | J72: =IF(J71="O/H",J70,+I72+J70) -> 11099 | K72: =IF(K71="O/H",K70,+J72+K70) -> 11099 | L72: =IF(L71="O/H",L70,+K72+L70) -> 11099 | M72: =IF(M71="O/H",M70,+L72+M70) -> 11099 | ... AI72: =IF(AI71="O/H",AI70,+AH72+AI70) -> 11099 | AK72: =AJ74 -> 0 | AM72: =AL74 -> 0
D73: Total Mold Shot counter Actual | E73: =IF(AND(ISNUMBER(E64)),1198986+E70) -> FALSE | F73: =IF(AND(ISNUMBER(F64)),E73+F70,"") | G73: =IF(AND(ISNUMBER(G64)),F73+G70,"") | H73: =IF(AND(ISNUMBER(H64)),G73+H70,"") | I73: =IF(AND(ISNUMBER(I64)),H73+I70,"") | J73: =IF(AND(ISNUMBER(J64)),I73+J70,"") | K73: =IF(AND(ISNUMBER(K64)),J73+K70,"") | L73: =IF(AND(ISNUMBER(L64)),K73+L70,"") | M73: =IF(AND(ISNUMBER(M64)),L73+M70,"") | ... AI73: =IF(AND(ISNUMBER(AI64)),AH73+AI70,"") | AK73: =AJ75 -> 0 | AM73: =AL75 -> 0
A74: A3 | B74: TR200-0000-90-0053 | D74: Screw O/H | AK74: =AJ76 -> 0 | AM74: =AL76 -> 0
A75: A3 | D75: Actual accumulated shot count | E75: =IF(E74="O/H",E71,42888+E71) -> 42888 | F75: =IF(F74="O/H",F71,+E75+F71) -> 42888 | G75: =IF(G74="O/H",G71,+F75+G71) -> 42888 | H75: =IF(H74="O/H",H71,+G75+H71) -> 42888 | I75: =IF(I74="O/H",I71,+H75+I71) -> 42888 | J75: =IF(J74="O/H",J71,+I75+J71) -> 42888 | K75: =IF(K74="O/H",K71,+J75+K71) -> 42888 | L75: =IF(L74="O/H",L71,+K75+L71) -> 42888 | M75: =IF(M74="O/H",M71,+L75+M71) -> 42888 | ... AI75: =IF(AI74="O/H",AI71,+AH75+AI71) -> 42888 | AK75: =AJ77 -> 0 | AM75: =AL77 -> 0
A76: A7(80ton) | B76: KNOB ROTARY (D40D) | C76: =Table511[[#This Row],[M/C No.]] -> A7(80ton) | D76: Plan (pcs.) | AJ76: =SUM(E76:AI76) -> 0 | AK76: =AJ78 -> 0 | AL76: =+AJ76*AN76 -> 0 | AM76: =AL78 -> 0 | AN76: 14.18135 | AO76: =Table511[[#This Row],[Total]]*B80/1000 -> 0 | AP76: M/C A7 | AQ76: WK1 | AR76: WK2 | AS76: WK3 | AT76: WK4 | AU76: WK5 | AV76: Total
B77: 77B008-0012 | D77: Accumulated shot count | E77: =IF(E76="",0,+ E76/E83) -> 0 | F77: =IF(F76="",0, E77+F76/F83) -> 0 | G77: =IF(G76="",0, F77+G76/G83) -> 0 | H77: =IF(H76="",0, G77+H76/H83) -> 0 | I77: =IF(I76="",0, H77+I76/I83) -> 0 | J77: =IF(J76="",0, I77+J76/J83) -> 0 | K77: =IF(K76="",0, J77+K76/K83) -> 0 | L77: =IF(L76="",0, K77+L76/L83) -> 0 | M77: =IF(M76="",0, L77+M76/M83) -> 0 | ... AC77: =IF(AC76="",0, AB77+AC76/AC83) -> 0 | AD77: =IF(AD76="",0, Z77+AD76/AD83) -> 0 | AE77: =IF(AE76="",0, AA77+AE76/AE83) -> 0 | AF77: =IF(AF76="",0, AB77+AF76/AF83) -> 0 | AG77: =IF(AG76="",0, AC77+AG76/AG83) -> 0 | AH77: =IF(AH76="",0, AD77+AH76/AH83) -> 0 | AI77: =IF(AI76="",0, AH77+AI76/AI83) -> 0 | AK77: =AJ79 -> 0 | AM77: =AL79 -> 0 | AP77: Plan (pcs) | AQ77: =SUM(E76:K76) -> 0 | AR77: =SUM(L76:R76) -> 0 | AS77: =SUM(S76:Y76) -> 0 | AT77: =SUM(Z76:AF76) -> 0 | AU77: =SUM(AG76:AI76) -> 0 | AV77: =SUM(AQ77:AU77) -> 0
A78: A7 (D1) | B78: 2/2 Cav. | D78: Actual (pcs.) | AJ78: =SUM(E78:AI78) -> 0 | AK78: =AJ80 -> 0 | AL78: =+AJ78*AN76 -> 0 | AM78: =AL80 -> 0 | AO78: =(AJ78+AJ80+AJ81+AJ82)*B80/1000 -> 0 | AP78: Actual (pcs) | AQ78: =SUM(E78:K78) -> 0 | AR78: =SUM(L78:R78) -> 0 | AS78: =SUM(S78:Y78) -> 0 | AT78: =SUM(Z78:AF78) -> 0 | AU78: =SUM(AG78:AI78) -> 0 | AV78: =SUM(AQ78:AU78) -> 0
A79: A7 (D1) | B79: Part weight (g) | C79: STD. shot mold O/H | D79: Diff.from plan (pcs.) | E79: =+E78-E76 -> 0 | F79: =+F78-F76 -> 0 | G79: =+G78-G76 -> 0 | H79: =+H78-H76 -> 0 | I79: =+I78-I76 -> 0 | J79: =+J78-J76 -> 0 | K79: =+K78-K76 -> 0 | L79: =+L78-L76 -> 0 | ... AJ79: =+AJ78-AJ76 -> 0 | AK79: =AJ81 -> 0 | AL79: =+AJ79*AN76 -> 0 | AM79: =AL81 -> 0 | AN79: % Defect | AP79: Deff.(pcs.) | AQ79: =AQ78-AQ77 -> 0 | AR79: =AR78-AR77 -> 0 | AS79: =AS78-AS77 -> 0 | AT79: =AT78-AT77 -> 0 | AU79: =AU78-AU77 -> 0 | AV79: =SUM(AQ79:AU79) -> 0
B80: 9.6605 | C80: 1time/month | D80: Throw away (pcs.) | AJ80: =SUM(E80:AI80) -> 0 | AK80: =AJ82 -> 0 | AL80: =+AJ80*AN76 -> 0 | AM80: =AL82 -> 0 | AN80: =+AJ80/AJ78*100 -> #DIV/0! | AO80: =AO78/AO76 -> #DIV/0! | AP80: Throwaway(pcs) | AQ80: =SUM(E80:K80) -> 0 | AR80: =SUM(L80:R80) -> 0 | AS80: =SUM(S80:Y80) -> 0 | AT80: =SUM(Z80:AF80) -> 0 | AU80: =SUM(AG80:AI80) -> 0 | AV80: =SUM(AQ80:AU80) -> 0
A81: A15 | D81: QC Sample partrol (pcs.) | AJ81: =SUM(E81:AI81) -> 0 | AK81: =AJ83 -> 0 | AL81: =+AJ81*AN76 -> 0 | AM81: =AL83 -> 0 | AP81: Throwaway cost (THB) | AQ81: =AQ80*AN76 -> 0 | AR81: =AR80*AN76 -> 0 | AS81: =AS80*AN76 -> 0 | AT81: =AT80*AN76 -> 0 | AU81: =AU80*AN76 -> 0 | AV81: =SUM(AQ81:AU81) -> 0
A82: A15 | C82: Screw O/H | D82: INJ. Sample partrol (pcs.) | AJ82: =SUM(E82:AI82) -> 0 | AK82: =AJ84 -> 0 | AL82: =+AJ82*AN76 -> 0 | AM82: =AL84 -> 0 | AP82: Production amount(THB) | AQ82: =AQ78*AN76 -> 0 | AR82: =AR78*AN76 -> 0 | AS82: =AS78*AN76 -> 0 | AT82: =AT78*AN76 -> 0 | AU82: =AU78*AN76 -> 0 | AV82: =SUM(AQ82:AU82) -> 0
C83: 300000 | D83: Actual cav. | E83: 2 | F83: 2 | G83: 2 | H83: 2 | I83: 2 | J83: 2 | K83: 2 | L83: 2 | M83: 2 | N83: 2 | O83: 2 | P83: 2 | Q83: 2 | R83: 2 | S83: 2 | T83: 2 | U83: 2 | V83: 2 | W83: 2 | X83: 2 | Y83: 2 | Z83: 2 | AA83: 2 | AB83: 2 | AC83: 2 | AD83: 2 | AE83: 2 | AF83: 2 | AG83: 2 | AH83: 2 | AI83: 2 | AK83: =AJ85 -> 0 | AM83: =AL85 -> 0
A84: A7 (D1) | C84: Trigger line | D84: Shot cont | E84: =SUM(E78+E80+E82)/E83 -> 0 | F84: =SUM(F78+F80+F82)/F83 -> 0 | G84: =SUM(G78+G80+G82)/G83 -> 0 | H84: =SUM(H78+H80+H82)/H83 -> 0 | I84: =SUM(I78+I80+I82)/I83 -> 0 | J84: =SUM(J78+J80+J82)/J83 -> 0 | K84: =SUM(K78+K80+K82)/K83 -> 0 | L84: =SUM(L78+L80+L82)/L83 -> 0 | ... AI84: =SUM(AI78+AI80+AI82)/AI83 -> 0 | AJ84: =SUM(E84:AI84) -> 0 | AK84: =AJ86 -> 0 | AM84: =AL86 -> 0
C85: =+C83*0.8 -> 240000 | D85: Mold O/H | AK85: =AJ87 -> 0 | AM85: =AL87 -> 0
D86: Actual accumulated shot count | E86: =IF(E85="O/H",E84,+E84) -> 0 | F86: =IF(F85="O/H",F84,+E86+F84) -> 0 | G86: =IF(G85="O/H",G84,+F86+G84) -> 0 | H86: =IF(H85="O/H",H84,+G86+H84) -> 0 | I86: =IF(I85="O/H",I84,+H86+I84) -> 0 | J86: =IF(J85="O/H",J84,+I86+J84) -> 0 | K86: =IF(K85="O/H",K84,+J86+K84) -> 0 | L86: =IF(L85="O/H",L84,+K86+L84) -> 0 | M86: =IF(M85="O/H",M84,+L86+M84) -> 0 | ... AI86: =IF(AI85="O/H",AI84,+AH86+AI84) -> 0 | AK86: =AJ88 -> 0 | AM86: =AL88 -> 0
D87: Total Mold Shot counter Actual | E87: =IF(AND(ISNUMBER(E78)),1956930+E84) -> FALSE | F87: =IF(AND(ISNUMBER(F78)),E87+F84,"") | G87: =IF(AND(ISNUMBER(G78)),F87+G84,"") | H87: =IF(AND(ISNUMBER(H78)),G87+H84,"") | I87: =IF(AND(ISNUMBER(I78)),H87+I84,"") | J87: =IF(AND(ISNUMBER(J78)),I87+J84,"") | K87: =IF(AND(ISNUMBER(K78)),J87+K84,"") | L87: =IF(AND(ISNUMBER(L78)),K87+L84,"") | M87: =IF(AND(ISNUMBER(M78)),L87+M84,"") | ... AI87: =IF(AND(ISNUMBER(AI78)),AH87+AI84,"") | AK87: =AJ89 -> 0 | AM87: =AL89 -> 0
A88: A3 | B88: TR200-0000-90-0043 | D88: Screw O/H | AK88: =AJ90 -> 0 | AM88: =AL90 -> 0
A89: A3 | D89: Actual accumulated shot count | E89: =IF(E88="O/H",E84,+E84) -> 0 | F89: =IF(F88="O/H",F84,+E89+F84) -> 0 | G89: =IF(G88="O/H",G84,+F89+G84) -> 0 | H89: =IF(H88="O/H",H84,+G89+H84) -> 0 | I89: =IF(I88="O/H",I84,+H89+I84) -> 0 | J89: =IF(J88="O/H",J84,+I89+J84) -> 0 | K89: =IF(K88="O/H",K84,+J89+K84) -> 0 | L89: =IF(L88="O/H",L84,+K89+L84) -> 0 | M89: =IF(M88="O/H",M84,+L89+M84) -> 0 | ... AI89: =IF(AI88="O/H",AI84,+AH89+AI84) -> 0 | AK89: =AJ91 -> 0 | AM89: =AL91 -> 0
A90: A7(80ton) | B90: KNOB ROTARY M2 | C90: =Table511[[#This Row],[M/C No.]] -> A7(80ton) | D90: Plan (pcs.) | AJ90: =SUM(E90:AI90) -> 0 | AK90: =AJ92 -> 0 | AL90: =+AJ90*AN90 -> 0 | AM90: =AL92 -> 0 | AN90: 4.17273 | AO90: =Table511[[#This Row],[Total]]*B94/1000 -> 0 | AP90: M/C A7 | AQ90: WK1 | AR90: WK2 | AS90: WK3 | AT90: WK4 | AU90: WK5 | AV90: Total
B91: 77B625-0010 | D91: Accumulated shot count | E91: =IF(E90="",0,+ E90/E97) -> 0 | F91: =IF(F90="",0, E91+F90/F97) -> 0 | G91: =IF(G90="",0, F91+G90/G97) -> 0 | H91: =IF(H90="",0, G91+H90/H97) -> 0 | I91: =IF(I90="",0, H91+I90/I97) -> 0 | J91: =IF(J90="",0, I91+J90/J97) -> 0 | K91: =IF(K90="",0, J91+K90/K97) -> 0 | L91: =IF(L90="",0, K91+L90/L97) -> 0 | M91: =IF(M90="",0, L91+M90/M97) -> 0 | ... AC91: =IF(AC90="",0, AB91+AC90/AC97) -> 0 | AD91: =IF(AD90="",0, Z91+AD90/AD97) -> 0 | AE91: =IF(AE90="",0, AA91+AE90/AE97) -> 0 | AF91: =IF(AF90="",0, AB91+AF90/AF97) -> 0 | AG91: =IF(AG90="",0, AC91+AG90/AG97) -> 0 | AH91: =IF(AH90="",0, AD91+AH90/AH97) -> 0 | AI91: =IF(AI90="",0, AH91+AI90/AI97) -> 0 | AK91: =AJ93 -> 0 | AM91: =AL93 -> 0 | AP91: Plan (pcs) | AQ91: =SUM(E90:I90) -> 0 | AR91: =SUM(J90:P90) -> 0 | AS91: =SUM(Q90:W90) -> 0 | AT91: =SUM(X90:AD90) -> 0 | AU91: =SUM(AE90:AI90) -> 0 | AV91: =SUM(AQ91:AU91) -> 0
A92: A7 (D1) | B92: 4/4 Cav. | D92: Actual (pcs.) | AJ92: =SUM(E92:AI92) -> 0 | AK92: =AJ94 -> 0 | AL92: =+AJ92*AN90 -> 0 | AM92: =AL94 -> 0 | AO92: =(AJ92+AJ94+AJ95+AJ96)*B94/1000 -> 0 | AP92: Actual (pcs) | AQ92: =SUM(E92:I92) -> 0 | AR92: =SUM(J92:P92) -> 0 | AS92: =SUM(Q92:W92) -> 0 | AT92: =SUM(X92:AD92) -> 0 | AU92: =SUM(AE92:AI92) -> 0 | AV92: =SUM(AQ92:AU92) -> 0
A93: A7 (D1) | B93: Part weight (g) | C93: STD. shot mold O/H | D93: Diff.from plan (pcs.) | E93: =+E92-E90 -> 0 | F93: =+F92-F90 -> 0 | G93: =+G92-G90 -> 0 | H93: =+H92-H90 -> 0 | I93: =+I92-I90 -> 0 | J93: =+J92-J90 -> 0 | K93: =+K92-K90 -> 0 | L93: =+L92-L90 -> 0 | ... AJ93: =+AJ92-AJ90 -> 0 | AK93: =AJ95 -> 0 | AL93: =+AJ93*AN90 -> 0 | AM93: =AL95 -> 0 | AN93: % Defect | AP93: Deff.(pcs.) | AQ93: =AQ92-AQ91 -> 0 | AR93: =AR92-AR91 -> 0 | AS93: =AS92-AS91 -> 0 | AT93: =AT92-AT91 -> 0 | AU93: =AU92-AU91 -> 0 | AV93: =SUM(AQ93:AU93) -> 0
B94: 9.399 | C94: 1time/month | D94: Throw away (pcs.) | AJ94: =SUM(E94:AI94) -> 0 | AK94: =AJ96 -> 0 | AL94: =+AJ94*AN90 -> 0 | AM94: =AL96 -> 0 | AN94: =+AJ94/AJ92*100 -> #DIV/0! | AO94: =AO92/AO90 -> #DIV/0! | AP94: Throwaway(pcs) | AQ94: =SUM(E94:I94) -> 0 | AR94: =SUM(J94:P94) -> 0 | AS94: =SUM(Q94:W94) -> 0 | AT94: =SUM(X94:AD94) -> 0 | AU94: =SUM(AE94:AI94) -> 0 | AV94: =SUM(AQ94:AU94) -> 0
A95: A15 | B95: (ABS) TECHNO H565 SAA3E0 BLACK | D95: QC Sample partrol (pcs.) | AJ95: =SUM(E95:AI95) -> 0 | AK95: =AJ97 -> 0 | AL95: =+AJ95*AN90 -> 0 | AM95: =AL97 -> 0 | AP95: Throwaway cost (THB) | AQ95: =AQ94*AN90 -> 0 | AR95: =AR94*AN90 -> 0 | AS95: =AS94*AN90 -> 0 | AT95: =AT94*AN90 -> 0 | AU95: =AU94*AN90 -> 0 | AV95: =SUM(AQ95:AU95) -> 0
A96: A15 | C96: Screw O/H | D96: INJ. Sample partrol (pcs.) | AJ96: =SUM(E96:AI96) -> 0 | AK96: =AJ98 -> 0 | AL96: =+AJ96*AN90 -> 0 | AM96: =AL98 -> 0 | AP96: Production amount(THB) | AQ96: =AQ92*AN90 -> 0 | AR96: =AR92*AN90 -> 0 | AS96: =AS92*AN90 -> 0 | AT96: =AT92*AN90 -> 0 | AU96: =AU92*AN90 -> 0 | AV96: =SUM(AQ96:AU96) -> 0
C97: 300000 | D97: Actual cav. | E97: 4 | F97: 4 | G97: 4 | H97: 4 | I97: 4 | J97: 4 | K97: 4 | L97: 4 | M97: 4 | N97: 4 | O97: 4 | P97: 4 | Q97: 4 | R97: 4 | S97: 4 | T97: 4 | U97: 4 | V97: 4 | W97: 4 | X97: 4 | Y97: 4 | Z97: 4 | AA97: 4 | AB97: 4 | AC97: 4 | AD97: 4 | AE97: 4 | AF97: 4 | AG97: 4 | AH97: 4 | AI97: 4 | AK97: =AJ99 -> 0 | AM97: =AL99 -> 0
A98: A7 (D1) | C98: Trigger line | D98: Shot cont | E98: =SUM(E92+E94+E96+E95)/E97 -> 0 | F98: =SUM(F92+F94+F96+F95)/F97 -> 0 | G98: =SUM(G92+G94+G96+G95)/G97 -> 0 | H98: =SUM(H92+H94+H96+H95)/H97 -> 0 | I98: =SUM(I92+I94+I96+I95)/I97 -> 0 | J98: =SUM(J92+J94+J96+J95)/J97 -> 0 | K98: =SUM(K92+K94+K96+K95)/K97 -> 0 | L98: =SUM(L92+L94+L96+L95)/L97 -> 0 | ... AI98: =SUM(AI92+AI94+AI96+AI95)/AI97 -> 0 | AJ98: =SUM(E98:AI98) -> 0 | AK98: =AJ100 -> 0 | AM98: =AL100 -> 0
C99: =+C97*0.8 -> 240000 | D99: Mold O/H | AK99: =AJ101 -> 0 | AM99: =AL101 -> 0
D100: Actual accumulated shot count | E100: =IF(E99="O/H",E98,0+E98) -> 0 | F100: =IF(F99="O/H",F98,+E100+F98) -> 0 | G100: =IF(G99="O/H",G98,+F100+G98) -> 0 | H100: =IF(H99="O/H",H98,+G100+H98) -> 0 | I100: =IF(I99="O/H",I98,+H100+I98) -> 0 | J100: =IF(J99="O/H",J98,+I100+J98) -> 0 | K100: =IF(K99="O/H",K98,+J100+K98) -> 0 | L100: =IF(L99="O/H",L98,+K100+L98) -> 0 | M100: =IF(M99="O/H",M98,+L100+M98) -> 0 | ... AI100: =IF(AI99="O/H",AI98,+AH100+AI98) -> 0 | AK100: =AJ102 -> 0 | AM100: =AL102 -> 0
D101: Total Mold Shot counter Actual | E101: =IF(AND(ISNUMBER(E92)),413134+E98) -> FALSE | F101: =IF(AND(ISNUMBER(F92)),E101+F98,"") | G101: =IF(AND(ISNUMBER(G92)),F101+G98,"") | H101: =IF(AND(ISNUMBER(H92)),G101+H98,"") | I101: =IF(AND(ISNUMBER(I92)),H101+I98,"") | J101: =IF(AND(ISNUMBER(J92)),I101+J98,"") | K101: =IF(AND(ISNUMBER(K92)),J101+K98,"") | L101: =IF(AND(ISNUMBER(L92)),K101+L98,"") | M101: =IF(AND(ISNUMBER(M92)),L101+M98,"") | ... AI101: =IF(AND(ISNUMBER(AI92)),AH101+AI98,"") | AK101: =AJ103 -> 0 | AM101: =AL103 -> 0
A102: A3 | B102: TR200-0000-90-0056 | D102: Screw O/H | AK102: =AJ104 -> 0 | AM102: =AL104 -> 0
A103: A3 | D103: Actual accumulated shot count | E103: =IF(E102="O/H",E98,0+E98) -> 0 | F103: =IF(F102="O/H",F98,+E103+F98) -> 0 | G103: =IF(G102="O/H",G98,+F103+G98) -> 0 | H103: =IF(H102="O/H",H98,+G103+H98) -> 0 | I103: =IF(I102="O/H",I98,+H103+I98) -> 0 | J103: =IF(J102="O/H",J98,+I103+J98) -> 0 | K103: =IF(K102="O/H",K98,+J103+K98) -> 0 | L103: =IF(L102="O/H",L98,+K103+L98) -> 0 | M103: =IF(M102="O/H",M98,+L103+M98) -> 0 | ... AI103: =IF(AI102="O/H",AI98,+AH103+AI98) -> 0 | AK103: =AJ105 -> 0 | AM103: =AL105 -> 0
...

Sheet Daily Yazaki
D4: Rev.1
A5: Production Daily Output for Automotive part in June 2026
A6: INJ sent to TL and related section before noon.
A7: M/C No. | B7: Part name | C7: Std. O/H (Shot) | D7: Date | E7: June'2026 | F7: Column1 | G7: Column2 | H7: Column3 | I7: Column4 | J7: Column5 | K7: Column6 | L7: Column7 | M7: Column8 | N7: Column9 | O7: Column10 | P7: Column11 | Q7: Column12 | R7: Column13 | S7: Column14 | T7: Column15 | U7: Column16 | V7: Column17 | W7: Column18 | X7: Column19 | Y7: Column20 | Z7: Column21 | AA7: Column22 | AB7: Column23 | AC7: Column24 | AD7: Column25 | AE7: Column26 | AF7: Column27 | AG7: Column252 | AH7: Column263 | AI7: Column274 | AJ7: Total | AK7: Total Act. (pcs.) | AL7: Sale/Bahts. | AM7: Total Amount (THB) | AN7: Price/Pcs. | AO7: Material usage (Kg) | AP7: Column28 | AQ7: Column29 | AR7: Column30 | AS7: Column31 | AT7: Column32 | AU7: Column33 | AV7: Column35
E8: 46174 | F8: =Table1[[#This Row],[June''2026]]+1 -> 46175 | G8: =Table1[[#This Row],[Column1]]+1 -> 46176 | H8: =Table1[[#This Row],[Column2]]+1 -> 46177 | I8: =Table1[[#This Row],[Column3]]+1 -> 46178 | J8: =Table1[[#This Row],[Column4]]+1 -> 46179 | K8: =Table1[[#This Row],[Column5]]+1 -> 46180 | L8: =Table1[[#This Row],[Column6]]+1 -> 46181 | M8: =Table1[[#This Row],[Column7]]+1 -> 46182 | N8: =Table1[[#This Row],[Column8]]+1 -> 46183 | O8: =Table1[[#This Row],[Column9]]+1 -> 46184 | P8: =Table1[[#This Row],[Column10]]+1 -> 46185 | Q8: =Table1[[#This Row],[Column11]]+1 -> 46186 | R8: =Table1[[#This Row],[Column12]]+1 -> 46187 | S8: =Table1[[#This Row],[Column13]]+1 -> 46188 | T8: =Table1[[#This Row],[Column14]]+1 -> 46189 | U8: =Table1[[#This Row],[Column15]]+1 -> 46190 | V8: =Table1[[#This Row],[Column16]]+1 -> 46191 | W8: =Table1[[#This Row],[Column17]]+1 -> 46192 | X8: =Table1[[#This Row],[Column18]]+1 -> 46193 | Y8: =Table1[[#This Row],[Column19]]+1 -> 46194 | Z8: =Table1[[#This Row],[Column20]]+1 -> 46195 | AA8: =Table1[[#This Row],[Column21]]+1 -> 46196 | AB8: =Table1[[#This Row],[Column22]]+1 -> 46197 | AC8: =Table1[[#This Row],[Column23]]+1 -> 46198 | AD8: =Table1[[#This Row],[Column24]]+1 -> 46199 | AE8: =Table1[[#This Row],[Column25]]+1 -> 46200 | AF8: =Table1[[#This Row],[Column26]]+1 -> 46201 | AG8: =Table1[[#This Row],[Column27]]+1 -> 46202 | AH8: =Table1[[#This Row],[Column252]]+1 -> 46203 | AI8: =Table1[[#This Row],[Column263]]+1 -> 46204
A9: A1(75ton) | C9: =Table1[[#This Row],[M/C No.]] -> A1(75ton) | D9: Plan (pcs.) | AJ9: =SUM(E9:AI9) -> 0 | AK9: =AJ11 -> 0 | AL9: =+AJ9*AN9 -> 0 | AM9: =AL11 -> 0 | AN9: 3.59334 | AO9: =Table1[[#This Row],[Total]]*B13/1000 -> 0 | AP9: M/C A1 | AQ9: WK1 | AR9: WK2 | AS9: WK3 | AT9: WK4 | AU9: WK5 | AV9: Total
A10: A1 (75 Ton) | D10: Accumulated shot count | E10: =IF(E9="",0,+ E9/E16) -> 0 | F10: =IF(F9="",0, E10+F9/F16) -> 0 | G10: =IF(G9="",0, F10+G9/G16) -> 0 | H10: =IF(H9="",0, G10+H9/H16) -> 0 | I10: =IF(I9="",0, H10+I9/I16) -> 0 | J10: =IF(J9="",0, I10+J9/J16) -> 0 | K10: =IF(K9="",0, J10+K9/K16) -> 0 | L10: =IF(L9="",0, K10+L9/L16) -> 0 | M10: =IF(M9="",0, L10+M9/M16) -> 0 | ... AF10: =IF(AF9="",0, AE10+AF9/AF16) -> 0 | AG10: =IF(AG9="",0, AC10+AG9/AG16) -> 0 | AH10: =IF(AH9="",0, AD10+AH9/AH16) -> 0 | AI10: =IF(AI9="",0, AH10+AI9/AI16) -> 0 | AP10: Plan (pcs) | AQ10: =SUM(E9:I9) -> 0 | AR10: =SUM(J9:P9) -> 0 | AS10: =SUM(Q9:W9) -> 0 | AT10: =SUM(X9:AD9) -> 0 | AU10: =SUM(AE9:AG9) -> 0 | AV10: =SUM(AQ10:AU10) -> 0
A11: A1 (75 Ton) | B11: CAV. | C11: STD. shot mold O/H | D11: Actual (pcs.) | AJ11: =SUM(E11:AI11) -> 0 | AL11: =+AJ11*AN9 -> 0 | AO11: =(AJ11+AJ13+AJ14+AJ15)*B13/1000 -> 0 | AP11: Actual (pcs) | AQ11: =SUM(E11:I11) -> 0 | AR11: =SUM(J11:P11) -> 0 | AS11: =SUM(Q11:W11) -> 0 | AT11: =SUM(X11:AD11) -> 0 | AU11: =SUM(AE11:AG11) -> 0 | AV11: =SUM(AQ11:AU11) -> 0
A12: A1 (75 Ton) | B12: Part weight (g) | C12: 40000 | D12: Diff.from plan (pcs.) | E12: =+E11-E9 -> 0 | F12: =+F11-F9 -> 0 | G12: =+G11-G9 -> 0 | H12: =+H11-H9 -> 0 | I12: =+I11-I9 -> 0 | J12: =+J11-J9 -> 0 | K12: =+K11-K9 -> 0 | L12: =+L11-L9 -> 0 | ... AJ12: =+AJ11-AJ9 -> 0 | AL12: =+AJ12*AN9 -> 0 | AN12: % Defect | AP12: Deff.(pcs.) | AQ12: =AQ11-AQ10 -> 0 | AR12: =AR11-AR10 -> 0 | AS12: =AS11-AS10 -> 0 | AT12: =AT11-AT10 -> 0 | AU12: =AU11-AU10 -> 0 | AV12: =SUM(AQ12:AU12) -> 0
B13: 3.78275 | D13: Throw away (pcs.) | AJ13: =SUM(E13:AI13) -> 0 | AL13: =+AJ13*AN9 -> 0 | AN13: =+AJ13/AJ11*100 -> #DIV/0! | AO13: =AO11/AO9 -> #DIV/0! | AP13: Throwaway(pcs) | AQ13: =SUM(E13:I13) -> 0 | AR13: =SUM(J13:P13) -> 0 | AS13: =SUM(Q13:W13) -> 0 | AT13: =SUM(X13:AD13) -> 0 | AU13: =SUM(AE13:AG13) -> 0 | AV13: =SUM(AQ13:AU13) -> 0
C14: Trigger line | D14: QC Sample partrol (pcs.) | AJ14: =SUM(E14:AI14) -> 0 | AL14: =+AJ14*AN9 -> 0 | AP14: Throwaway cost (THB) | AQ14: =AQ13*AN9 -> 0 | AR14: =AR13*AN9 -> 0 | AS14: =AS13*AN9 -> 0 | AT14: =AT13*AN9 -> 0 | AU14: =AU13*AN9 -> 0 | AV14: =SUM(AQ14:AU14) -> 0
C15: =+C12*0.8 -> 32000 | D15: INJ. Sample partrol (pcs.) | AJ15: =SUM(E15:AI15) -> 0 | AL15: =+AJ15*AN10 -> 0 | AP15: Production amount(THB) | AQ15: =AQ11*AN9 -> 0 | AR15: =AR11*AN9 -> 0 | AS15: =AS11*AN9 -> 0 | AT15: =AT11*AN9 -> 0 | AU15: =AU11*AN9 -> 0 | AV15: =SUM(AQ15:AU15) -> 0
A16: A1 (75 Ton) | D16: Actual cav. | E16: 4 | F16: 4 | G16: 4 | H16: 4 | I16: 4 | J16: 4 | K16: 4 | L16: 4 | M16: 4 | N16: 4 | O16: 4 | P16: 4 | Q16: 4 | R16: 4 | S16: 4 | T16: 4 | U16: 4 | V16: 4 | W16: 4 | X16: 4 | Y16: 4 | Z16: 4 | AA16: 4 | AB16: 4 | AC16: 4 | AD16: 4 | AE16: 4 | AF16: 4 | AG16: 4 | AH16: 4 | AI16: 4
A17: A1 (75 Ton) | D17: Shot cont | E17: =SUM(E11+E13+E14)/E16 -> 0 | F17: =SUM(F11+F13+F14)/F16 -> 0 | G17: =SUM(G11+G13+G14)/G16 -> 0 | H17: =SUM(H11+H13+H14)/H16 -> 0 | I17: =SUM(I11+I13+I14)/I16 -> 0 | J17: =SUM(J11+J13+J14)/J16 -> 0 | K17: =SUM(K11+K13+K14)/K16 -> 0 | L17: =SUM(L11+L13+L14)/L16 -> 0 | ... AI17: =SUM(AI11+AI13+AI14)/AI16 -> 0 | AJ17: =SUM(E17:AI17) -> 0
A18: A1 (75 Ton) | D18: Mold O/H
A19: A1 (75 Ton) | C19: Screw O/H | D19: Actual accumulated shot count | E19: =IF(E18="O/H",E17,0+E17) -> 0 | F19: =IF(F18="O/H",F17,+E19+F17) -> 0 | G19: =IF(G18="O/H",G17,+F19+G17) -> 0 | H19: =IF(H18="O/H",H17,+G19+H17) -> 0 | I19: =IF(I18="O/H",I17,+H19+I17) -> 0 | J19: =IF(J18="O/H",J17,+I19+J17) -> 0 | K19: =IF(K18="O/H",K17,+J19+K17) -> 0 | L19: =IF(L18="O/H",L17,+K19+L17) -> 0 | M19: =IF(M18="O/H",M17,+L19+M17) -> 0 | ... AI19: =IF(AI18="O/H",AI17,+AH19+AI17) -> 0
C20: 300000 | D20: Total Mold Shot counter Actual | E20: =IF(AND(ISNUMBER(E11)),0+E17) -> FALSE | F20: =IF(AND(ISNUMBER(F11)),E20+F17,"") | G20: =IF(AND(ISNUMBER(G11)),F20+G17,"") | H20: =IF(AND(ISNUMBER(H11)),G20+H17,"") | I20: =IF(AND(ISNUMBER(I11)),H20+I17,"") | J20: =IF(AND(ISNUMBER(J11)),I20+J17,"") | K20: =IF(AND(ISNUMBER(K11)),J20+K17,"") | L20: =IF(AND(ISNUMBER(L11)),K20+L17,"") | M20: =IF(AND(ISNUMBER(M11)),L20+M17,"") | ... AI20: =IF(AND(ISNUMBER(AI11)),AH20+AI17,"")
C21: Trigger line | D21: Screw O/H
C22: =+C20*0.8 -> 240000 | D22: Actual accumulated shot count | E22: =IF(E21="O/H",E17,0+E17) -> 0 | F22: =IF(F21="O/H",F17,+E22+F17) -> 0 | G22: =IF(G21="O/H",G17,+F22+G17) -> 0 | H22: =IF(H21="O/H",H17,+G22+H17) -> 0 | I22: =IF(I21="O/H",I17,+H22+I17) -> 0 | J22: =IF(J21="O/H",J17,+I22+J17) -> 0 | K22: =IF(K21="O/H",K17,+J22+K17) -> 0 | L22: =IF(L21="O/H",L17,+K22+L17) -> 0 | M22: =IF(M21="O/H",M17,+L22+M17) -> 0 | ... AI22: =IF(AI21="O/H",AI17,+AH22+AI17) -> 0
A23: A1(75ton) | B23: 0.64 II 16P CAN OUTER HSG | C23: =Table1[[#This Row],[M/C No.]] -> A1(75ton) | D23: Plan (pcs.) | AJ23: =SUM(E23:AI23) -> 0 | AK23: =AJ25 -> 0 | AL23: =+AJ23*AN23 -> 0 | AM23: =AL25 -> 0 | AN23: 4.57657 | AO23: =Table1[[#This Row],[Total]]*B27/1000 -> 0 | AP23: M/C A1 | AQ23: WK1 | AR23: WK2 | AS23: WK3 | AT23: WK4 | AU23: WK5 | AV23: Total
A24: A1 (75 Ton) | B24: 7186-6940 | D24: Accumulated shot count | E24: =IF(E23="",0,+ E23/E30) -> 0 | F24: =IF(F23="",0, E24+F23/F30) -> 0 | G24: =IF(G23="",0, F24+G23/G30) -> 0 | H24: =IF(H23="",0, G24+H23/H30) -> 0 | I24: =IF(I23="",0, H24+I23/I30) -> 0 | J24: =IF(J23="",0, I24+J23/J30) -> 0 | K24: =IF(K23="",0, J24+K23/K30) -> 0 | L24: =IF(L23="",0, K24+L23/L30) -> 0 | M24: =IF(M23="",0, L24+M23/M30) -> 0 | ... AC24: =IF(AC23="",0, AB24+AC23/AC30) -> 0 | AD24: =IF(AD23="",0, Z24+AD23/AD30) -> 0 | AE24: =IF(AE23="",0, AA24+AE23/AE30) -> 0 | AF24: =IF(AF23="",0, AB24+AF23/AF30) -> 0 | AG24: =IF(AG23="",0, AC24+AG23/AG30) -> 0 | AH24: =IF(AH23="",0, AD24+AH23/AH30) -> 0 | AI24: =IF(AI23="",0, AH24+AI23/AI30) -> 0 | AP24: Plan (pcs) | AQ24: =SUM(E23:K23) -> 0 | AR24: =SUM(L23:R23) -> 0 | AS24: =SUM(S23:Y23) -> 0 | AT24: =SUM(Z23:AF23) -> 0 | AU24: =SUM(AG23:AI23) -> 0 | AV24: =SUM(AQ24:AU24) -> 0
A25: A1 (75 Ton) | B25: 4/4 Cav. | C25: STD. shot mold O/H | D25: Actual (pcs.) | AJ25: =SUM(E25:AI25) -> 0 | AL25: =+AJ25*AN23 -> 0 | AO25: =(AJ25+AJ27+AJ28+AJ29)*B27/1000 -> 0 | AP25: Actual (pcs) | AQ25: =SUM(E25:K25) -> 0 | AR25: =SUM(L25:R25) -> 0 | AS25: =SUM(S25:Y25) -> 0 | AT25: =SUM(Z25:AF25) -> 0 | AU25: =SUM(AG25:AI25) -> 0 | AV25: =SUM(AQ25:AU25) -> 0
A26: A1 (75 Ton) | B26: Part weight (g) | C26: 40000 | D26: Diff.from plan (pcs.) | E26: =+E25-E23 -> 0 | F26: =+F25-F23 -> 0 | G26: =+G25-G23 -> 0 | H26: =+H25-H23 -> 0 | I26: =+I25-I23 -> 0 | J26: 0 | K26: 0 | L26: =+L25-L23 -> 0 | M26: =+M25-M23 -> 0 | N26: =+N25-N23 -> 0 | O26: =+O25-O23 -> 0 | P26: =+P25-P23 -> 0 | Q26: =+Q25-Q23 -> 0 | R26: =+R25-R23 -> 0 | S26: =+S25-S23 -> 0 | ... AJ26: =+AJ25-AJ23 -> 0 | AL26: =+AJ26*AN23 -> 0 | AN26: % Defect | AP26: Deff.(pcs.) | AQ26: =AQ25-AQ24 -> 0 | AR26: =AR25-AR24 -> 0 | AS26: =AS25-AS24 -> 0 | AT26: =AT25-AT24 -> 0 | AU26: =AU25-AU24 -> 0 | AV26: =SUM(AQ26:AU26) -> 0
A27: A1 (75 Ton) | B27: 10.035 | D27: Throw away (pcs.) | AJ27: =SUM(E27:AI27) -> 0 | AL27: =+AJ27*AN23 -> 0 | AN27: =+AJ27/AJ25 -> #DIV/0! | AO27: =AO25/AO23 -> #DIV/0! | AP27: Throwaway(pcs) | AQ27: =SUM(E27:K27) -> 0 | AR27: =SUM(L27:R27) -> 0 | AS27: =SUM(S27:Y27) -> 0 | AT27: =SUM(Z27:AF27) -> 0 | AU27: =SUM(AG27:AI27) -> 0 | AV27: =SUM(AQ27:AU27) -> 0
B28: PBT DURANEX PBT-H01 C7000LE NE-700 NAT | C28: Trigger line | D28: QC Sample partrol (pcs.) | AJ28: =SUM(E28:AI28) -> 0 | AL28: =+AJ28*AN23 -> 0 | AP28: Throwaway cost (THB) | AQ28: =AQ27*AN23 -> 0 | AR28: =AR27*AN23 -> 0 | AS28: =AS27*AN23 -> 0 | AT28: =AT27*AN23 -> 0 | AU28: =AU27*AN23 -> 0 | AV28: =SUM(AQ28:AU28) -> 0
C29: =+C26*0.8 -> 32000 | D29: INJ. Sample partrol (pcs.) | AJ29: =SUM(E29:AI29) -> 0 | AL29: =+AJ29*AN23 -> 0 | AP29: Production amount(THB) | AQ29: =AQ25*AN23 -> 0 | AR29: =AR25*AN23 -> 0 | AS29: =AS25*AN23 -> 0 | AT29: =AT25*AN23 -> 0 | AU29: =AU25*AN23 -> 0 | AV29: =SUM(AQ29:AU29) -> 0
A30: A1 (75 Ton) | D30: Actual cav. | E30: 4 | F30: 4 | G30: 4 | H30: 4 | I30: 4 | J30: 4 | K30: 4 | L30: 4 | M30: 4 | N30: 4 | O30: 4 | P30: 4 | Q30: 4 | R30: 4 | S30: 4 | T30: 4 | U30: 4 | V30: 4 | W30: 4 | X30: 4 | Y30: 4 | Z30: 4 | AA30: 4 | AB30: 4 | AC30: 4 | AD30: 4 | AE30: 4 | AF30: 4 | AG30: 4 | AH30: 4 | AI30: 4
A31: A1 (75 Ton) | D31: Shot cont | E31: =SUM(E25+E27+E28+E29)/E30 -> 0 | F31: =SUM(F25+F27+F28+F29)/F30 -> 0 | G31: =SUM(G25+G27+G28+G29)/G30 -> 0 | H31: =SUM(H25+H27+H28+H29)/H30 -> 0 | I31: =SUM(I25+I27+I28+I29)/I30 -> 0 | J31: =SUM(J25+J27+J28+J29)/J30 -> 0 | K31: =SUM(K25+K27+K28+K29)/K30 -> 0 | L31: =SUM(L25+L27+L28+L29)/L30 -> 0 | ... AH31: =SUM(AH25+AH27+AH28+AH29)/AH30 -> 0 | AI31: =SUM(AI25+AI27+AI28)/AI30 -> 0 | AJ31: =SUM(E31:AI31) -> 0
A32: A1 (75 Ton) | D32: Mold O/H
A33: A1 (75 Ton) | B33: YA200-0000-00-0017 | C33: Screw O/H | D33: Actual accumulated shot count | E33: =IF(E32="O/H",E31,0+E31) -> 0 | F33: =IF(F32="O/H",F31,+E33+F31) -> 0 | G33: =IF(G32="O/H",G31,+F33+G31) -> 0 | H33: =IF(H32="O/H",H31,+G33+H31) -> 0 | I33: =IF(I32="O/H",I31,+H33+I31) -> 0 | J33: =IF(J32="O/H",J31,+I33+J31) -> 0 | K33: =IF(K32="O/H",K31,+J33+K31) -> 0 | L33: =IF(L32="O/H",L31,+K33+L31) -> 0 | M33: =IF(M32="O/H",M31,+L33+M31) -> 0 | ... AI33: =IF(AI32="O/H",AI31,+AH33+AI31) -> 0
C34: 300000 | D34: Total Mold Shot counter Actual | E34: =IF(AND(ISNUMBER(E25)),862645+E31) -> FALSE | F34: =IF(AND(ISNUMBER(F25)),E34+F31,"") | G34: =IF(AND(ISNUMBER(G25)),F34+G31,"") | H34: =IF(AND(ISNUMBER(H25)),G34+H31,"") | I34: =IF(AND(ISNUMBER(I25)),H34+I31,"") | J34: =IF(AND(ISNUMBER(J25)),I34+J31,"") | K34: =IF(AND(ISNUMBER(K25)),J34+K31,"") | L34: =IF(AND(ISNUMBER(L25)),K34+L31,"") | M34: =IF(AND(ISNUMBER(M25)),L34+M31,"") | ... AI34: =IF(AND(ISNUMBER(AI25)),AH34+AI31,"")
C35: Trigger line | D35: Screw O/H
C36: =+C34*0.8 -> 240000 | D36: Actual accumulated shot count | E36: =IF(E35="O/H",E31,0+E31) -> 0 | F36: =IF(F35="O/H",F31,+E36+F31) -> 0 | G36: =IF(G35="O/H",G31,+F36+G31) -> 0 | H36: =IF(H35="O/H",H31,+G36+H31) -> 0 | I36: =IF(I35="O/H",I31,+H36+I31) -> 0 | J36: =IF(J35="O/H",J31,+I36+J31) -> 0 | K36: =IF(K35="O/H",K31,+J36+K31) -> 0 | L36: =IF(L35="O/H",L31,+K36+L31) -> 0 | M36: =IF(M35="O/H",M31,+L36+M31) -> 0 | ... AI36: =IF(AI35="O/H",AI31,+AH36+AI31) -> 0
A37: A1(75ton) | B37: 0.64 II 20P CAN INNER HSG | C37: =Table1[[#This Row],[M/C No.]] -> A1(75ton) | D37: Plan (pcs.) | AJ37: =SUM(E37:AI37) -> 0 | AK37: =AJ39 -> 0 | AL37: =+AJ37*AN37 -> 0 | AM37: =AL39 -> 0 | AN37: 3.21458 | AO37: =Table1[[#This Row],[Total]]*B41/1000 -> 0 | AP37: M/C A1 | AQ37: WK1 | AR37: WK2 | AS37: WK3 | AT37: WK4 | AU37: WK5 | AV37: Total
A38: A1 (75 Ton) | B38: 7186-9155 | D38: Accumulated shot count | E38: =IF(E37="",0,+E37/E44) -> 0 | F38: =IF(F37="",0, E38+F37/F44) -> 0 | G38: =IF(G37="",0, F38+G37/G44) -> 0 | H38: =IF(H37="",0, G38+H37/H44) -> 0 | I38: =IF(I37="",0, H38+I37/I44) -> 0 | J38: =IF(J37="",0, I38+J37/J44) -> 0 | K38: =IF(K37="",0, J38+K37/K44) -> 0 | L38: =IF(L37="",0, K38+L37/L44) -> 0 | M38: =IF(M37="",0, L38+M37/M44) -> 0 | ... AF38: =IF(AF37="",0, AE38+AF37/AF44) -> 0 | AG38: =IF(AG37="",0, AC38+AG37/AG44) -> 0 | AH38: =IF(AH37="",0, AD38+AH37/AH44) -> 0 | AI38: =IF(AI37="",0, AH38+AI37/AI44) -> 0 | AP38: Plan (pcs) | AQ38: =SUM(E37:K37) -> 0 | AR38: =SUM(L37:R37) -> 0 | AS38: =SUM(S37:Y37) -> 0 | AT38: =SUM(Z37:AF37) -> 0 | AU38: =SUM(AG37:AI37) -> 0 | AV38: =SUM(AQ38:AU38) -> 0
A39: A1 (75 Ton) | B39: 4/4 Cav. | C39: STD. shot mold O/H | D39: Actual (pcs.) | AJ39: =SUM(E39:AI39) -> 0 | AL39: =+AJ39*AN37 -> 0 | AO39: =(AJ39+AJ41+AJ42+AJ43)*B41/1000 -> 0 | AP39: Actual (pcs) | AQ39: =SUM(E39:K39) -> 0 | AR39: =SUM(L39:R39) -> 0 | AS39: =SUM(S39:Y39) -> 0 | AT39: =SUM(Z39:AF39) -> 0 | AU39: =SUM(AG39:AI39) -> 0 | AV39: =SUM(AQ39:AU39) -> 0
A40: A1 (75 Ton) | B40: Part weight (g) | C40: 40000 | D40: Diff.from plan (pcs.) | E40: =+E39-E37 -> 0 | F40: =+F39-F37 -> 0 | G40: =+G39-G37 -> 0 | H40: =+H39-H37 -> 0 | I40: =+I39-I37 -> 0 | J40: =+J39-J37 -> 0 | K40: =+K39-K37 -> 0 | L40: =+L39-L37 -> 0 | ... AJ40: =+AJ39-AJ37 -> 0 | AL40: =+AJ40*AN37 -> 0 | AN40: % Defect | AP40: Deff.(pcs.) | AQ40: =AQ39-AQ38 -> 0 | AR40: =AR39-AR38 -> 0 | AS40: =AS39-AS38 -> 0 | AT40: =AT39-AT38 -> 0 | AU40: =AU39-AU38 -> 0 | AV40: =SUM(AQ40:AU40) -> 0
B41: 4.3875 | D41: Throw away (pcs.) | AJ41: =SUM(E41:AI41) -> 0 | AL41: =+AJ41*AN37 -> 0 | AN41: =+AJ41/AJ39 -> #DIV/0! | AO41: =AO39/AO37 -> #DIV/0! | AP41: Throwaway(pcs) | AQ41: =SUM(E41:K41) -> 0 | AR41: =SUM(L41:R41) -> 0 | AS41: =SUM(S41:Y41) -> 0 | AT41: =SUM(Z41:AF41) -> 0 | AU41: =SUM(AG41:AI41) -> 0 | AV41: =SUM(AQ41:AU41) -> 0
A42: A1 (75 Ton) | C42: Trigger line | D42: QC Sample partrol (pcs.) | AJ42: =SUM(E42:AI42) -> 0 | AL42: =+AJ42*AN37 -> 0 | AP42: Throwaway cost (THB) | AQ42: =AQ41*AN37 -> 0 | AR42: =AR41*AN37 -> 0 | AS42: =AS41*AN37 -> 0 | AT42: =AT41*AN37 -> 0 | AU42: =AU41*AN37 -> 0 | AV42: =SUM(AQ42:AU42) -> 0
C43: =+C40*0.8 -> 32000 | D43: INJ. Sample partrol (pcs.) | AJ43: =SUM(E43:AI43) -> 0 | AL43: =+AJ43*AN37 -> 0 | AP43: Production amount(THB) | AQ43: =AQ39*AN37 -> 0 | AR43: =AR39*AN37 -> 0 | AS43: =AS39*AN37 -> 0 | AT43: =AT39*AN37 -> 0 | AU43: =AU39*AN37 -> 0 | AV43: =SUM(AQ43:AU43) -> 0
A44: A1 (75 Ton) | D44: Actual cav. | E44: 4 | F44: 4 | G44: 4 | H44: 4 | I44: 4 | J44: 4 | K44: 4 | L44: 4 | M44: 4 | N44: 4 | O44: 4 | P44: 4 | Q44: 4 | R44: 4 | S44: 4 | T44: 4 | U44: 4 | V44: 4 | W44: 4 | X44: 4 | Y44: 4 | Z44: 4 | AA44: 4 | AB44: 4 | AC44: 4 | AD44: 4 | AE44: 4 | AF44: 4 | AG44: 4 | AH44: 4 | AI44: 4
A45: A1 (75 Ton) | D45: Shot cont | E45: =SUM(E39+E41+E42+E43)/E44 -> 0 | F45: =SUM(F39+F41+F42+F43)/F44 -> 0 | G45: =SUM(G39+G41+G42+G43)/G44 -> 0 | H45: =SUM(H39+H41+H42+H43)/H44 -> 0 | I45: =SUM(I39+I41+I42+I43)/I44 -> 0 | J45: =SUM(J39+J41+J42+J43)/J44 -> 0 | K45: =SUM(K39+K41+K42+K43)/K44 -> 0 | L45: =SUM(L39+L41+L42+L43)/L44 -> 0 | ... AH45: =SUM(AH39+AH41+AH42+AH43)/AH44 -> 0 | AI45: =SUM(AI39+AI41+AI42)/AI44 -> 0 | AJ45: =SUM(E45:AI45) -> 0
A46: A1 (75 Ton) | D46: Mold O/H
A47: A1 (75 Ton) | C47: Screw O/H | D47: Actual accumulated shot count | E47: =IF(E46="O/H",E45,0+E45) -> 0 | F47: =IF(F46="O/H",F45,+E47+F45) -> 0 | G47: =IF(G46="O/H",G45,+F47+G45) -> 0 | H47: =IF(H46="O/H",H45,+G47+H45) -> 0 | I47: =IF(I46="O/H",I45,+H47+I45) -> 0 | J47: =IF(J46="O/H",J45,+I47+J45) -> 0 | K47: =IF(K46="O/H",K45,+J47+K45) -> 0 | L47: =IF(L46="O/H",L45,+K47+L45) -> 0 | M47: =IF(M46="O/H",M45,+L47+M45) -> 0 | ... AI47: =IF(AI46="O/H",AI45,+AH47+AI45) -> 0
C48: 300000 | D48: Total Mold Shot counter Actual | E48: =IF(AND(ISNUMBER(E39)),3914988+E45) -> FALSE | F48: =IF(AND(ISNUMBER(F39)),E48+F45,"") | G48: =IF(AND(ISNUMBER(G39)),F48+G45,"") | H48: =IF(AND(ISNUMBER(H39)),G48+H45,"") | I48: =IF(AND(ISNUMBER(I39)),H48+I45,"") | J48: =IF(AND(ISNUMBER(J39)),I48+J45,"") | K48: =IF(AND(ISNUMBER(K39)),J48+K45,"") | L48: =IF(AND(ISNUMBER(L39)),K48+L45,"") | M48: =IF(AND(ISNUMBER(M39)),L48+M45,"") | ... AI48: =IF(AND(ISNUMBER(AI39)),AH48+AI45,"")
B49: YA200-0000-90-0003 | C49: Trigger line | D49: Screw O/H
C50: =+C48*0.8 -> 240000 | D50: Actual accumulated shot count | E50: =IF(E49="O/H",E45,0+E45) -> 0 | F50: =IF(F49="O/H",F45,+E50+F45) -> 0 | G50: =IF(G49="O/H",G45,+F50+G45) -> 0 | H50: =IF(H49="O/H",H45,+G50+H45) -> 0 | I50: =IF(I49="O/H",I45,+H50+I45) -> 0 | J50: =IF(J49="O/H",J45,+I50+J45) -> 0 | K50: =IF(K49="O/H",K45,+J50+K45) -> 0 | L50: =IF(L49="O/H",L45,+K50+L45) -> 0 | M50: =IF(M49="O/H",M45,+L50+M45) -> 0 | ... AI50: =IF(AI49="O/H",AI45,+AH50+AI45) -> 0
A51: A1(75ton) | C51: =Table1[[#This Row],[M/C No.]] -> A1(75ton) | D51: Plan (pcs.) | AJ51: =SUM(E51:AI51) -> 0 | AK51: =AJ53 -> 0 | AL51: =+AJ51*AN51 -> 0 | AM51: =AL53 -> 0 | AN51: 5.04326 | AO51: =Table1[[#This Row],[Total]]*B55/1000 -> 0 | AP51: M/C A1 | AQ51: WK1 | AR51: WK2 | AS51: WK3 | AT51: WK4 | AU51: WK5 | AV51: Total
B52: 7186-9156 | D52: Accumulated shot count | E52: =IF(E51="",0,+ E51/E58) -> 0 | F52: =IF(F51="",0,+ F51/F58) -> 0 | G52: =IF(G51="",0,+ G51/G58) -> 0 | H52: =IF(H51="",0,+ H51/H58) -> 0 | I52: =IF(I51="",0,+ I51/I58) -> 0 | J52: =IF(J51="",0,+ J51/J58) -> 0 | K52: =IF(K51="",0,+ K51/K58) -> 0 | L52: =IF(L51="",0,+ L51/L58) -> 0 | ... AI52: =IF(AI51="",0,+ AI51/AI58) -> 0 | AP52: Plan (pcs) | AQ52: =SUM(E51:K51) -> 0 | AR52: =SUM(L51:R51) -> 0 | AS52: =SUM(S51:Y51) -> 0 | AT52: =SUM(Z51:AF51) -> 0 | AU52: =SUM(AG51:AI51) -> 0 | AV52: =SUM(AQ52:AU52) -> 0
B53: 4/4 CAV. | C53: STD. shot mold O/H | D53: Actual (pcs.) | AJ53: =SUM(E53:AI53) -> 0 | AL53: =+AJ53*AN51 -> 0 | AO53: =(AJ53+AJ55+AJ56+AJ57)*B55/1000 -> 0 | AP53: Actual (pcs) | AQ53: =SUM(E53:K53) -> 0 | AR53: =SUM(L53:R53) -> 0 | AS53: =SUM(S53:Y53) -> 0 | AT53: =SUM(Z53:AF53) -> 0 | AU53: =SUM(AG53:AI53) -> 0 | AV53: =SUM(AQ53:AU53) -> 0
B54: Part weight (g) | C54: 30000 | D54: Diff.from plan (pcs.) | E54: =+E53-E51 -> 0 | F54: =+F53-F51 -> 0 | G54: =+G53-G51 -> 0 | H54: =+H53-H51 -> 0 | I54: =+I53-I51 -> 0 | J54: =+J53-J51 -> 0 | K54: =+K53-K51 -> 0 | L54: =+L53-L51 -> 0 | ... AJ54: =+AJ53-AJ51 -> 0 | AL54: =+AJ54*AN51 -> 0 | AN54: % Defect | AP54: Deff.(pcs.) | AQ54: =AQ53-AQ52 -> 0 | AR54: =AR53-AR52 -> 0 | AS54: =AS53-AS52 -> 0 | AT54: =AT53-AT52 -> 0 | AU54: =AU53-AU52 -> 0 | AV54: =SUM(AQ54:AU54) -> 0
B55: 10.267 | D55: Throw away (pcs.) | AJ55: =SUM(E55:AI55) -> 0 | AL55: =+AJ55*AN51 -> 0 | AN55: =+AJ55/AJ53*100 -> #DIV/0! | AO55: =AO53/AO51 -> #DIV/0! | AP55: Throwaway(pcs) | AQ55: =SUM(E55:K55) -> 0 | AR55: =SUM(L55:R55) -> 0 | AS55: =SUM(S55:Y55) -> 0 | AT55: =SUM(Z55:AF55) -> 0 | AU55: =SUM(AG55:AI55) -> 0 | AV55: =SUM(AQ55:AU55) -> 0
D56: QC Sample partrol (pcs.) | AJ56: =SUM(E56:AI56) -> 0 | AL56: =+AJ56*AN51 -> 0 | AP56: Throwaway cost (THB) | AQ56: =AQ55*AN51 -> 0 | AR56: =AR55*AN51 -> 0 | AS56: =AS55*AN51 -> 0 | AT56: =AT55*AN51 -> 0 | AU56: =AU55*AN51 -> 0 | AV56: =SUM(AQ56:AU56) -> 0
C57: Trigger line | D57: INJ. Sample partrol (pcs.) | AJ57: =SUM(E57:AI57) -> 0 | AL57: =+AJ57*AN52 -> 0 | AP57: Production amount(THB) | AQ57: =AQ53*AN51 -> 0 | AR57: =AR53*AN51 -> 0 | AS57: =AS53*AN51 -> 0 | AT57: =AT53*AN51 -> 0 | AU57: =AU53*AN51 -> 0 | AV57: =SUM(AQ57:AU57) -> 0
C58: =+C54*0.8 -> 24000 | D58: Actual cav. | E58: 4 | F58: 4 | G58: 4 | H58: 4 | I58: 4 | J58: 4 | K58: 4 | L58: 4 | M58: 4 | N58: 4 | O58: 4 | P58: 4 | Q58: 4 | R58: 4 | S58: 4 | T58: 4 | U58: 4 | V58: 4 | W58: 4 | X58: 4 | Y58: 4 | Z58: 4 | AA58: 4 | AB58: 4 | AC58: 4 | AD58: 4 | AE58: 4 | AF58: 4 | AG58: 4 | AH58: 4 | AI58: 4
D59: Shot cont | E59: =SUM(E53+E55+E56)/E58 -> 0 | F59: =SUM(F53+F55+F56)/F58 -> 0 | G59: =SUM(G53+G55+G56)/G58 -> 0 | H59: =SUM(H53+H55+H56)/H58 -> 0 | I59: =SUM(I53+I55+I56)/I58 -> 0 | J59: =SUM(J53+J55+J56)/J58 -> 0 | K59: =SUM(K53+K55+K56)/K58 -> 0 | L59: =SUM(L53+L55+L56)/L58 -> 0 | ... AI59: =SUM(AI53+AI55+AI56)/AI58 -> 0 | AJ59: =SUM(E59:Q59) -> 0
D60: Mold O/H
C61: Screw O/H | D61: Actual accumulated shot count | E61: =IF(E60="O/H",E59,+E59) -> 0 | F61: =IF(F60="O/H",F59,+E61+F59) -> 0 | G61: =IF(G60="O/H",G59,+F61+G59) -> 0 | H61: =IF(H60="O/H",H59,+G61+H59) -> 0 | I61: =IF(I60="O/H",I59,+H61+I59) -> 0 | J61: =IF(J60="O/H",J59,+I61+J59) -> 0 | K61: =IF(K60="O/H",K59,+J61+K59) -> 0 | L61: =IF(L60="O/H",L59,+K61+L59) -> 0 | M61: =IF(M60="O/H",M59,+L61+M59) -> 0 | ... AI61: =IF(AI60="O/H",AI59,+AH61+AI59) -> 0
C62: 300000 | D62: Total Mold Shot counter Actual | E62: =IF(AND(ISNUMBER(E53)),3825660+E59) -> FALSE | F62: =IF(AND(ISNUMBER(F53)),E62+F59,"") | G62: =IF(AND(ISNUMBER(G53)),F62+G59,"") | H62: =IF(AND(ISNUMBER(H53)),G62+H59,"") | I62: =IF(AND(ISNUMBER(I53)),H62+I59,"") | J62: =IF(AND(ISNUMBER(J53)),I62+J59,"") | K62: =IF(AND(ISNUMBER(K53)),J62+K59,"") | L62: =IF(AND(ISNUMBER(L53)),K62+L59,"") | M62: =IF(AND(ISNUMBER(M53)),L62+M59,"") | ... AI62: =IF(AND(ISNUMBER(AI53)),AH62+AI59,"")
B63: YA200-0000-90-0004 | C63: Trigger line | D63: Screw O/H
C64: =+C62*0.8 -> 240000 | D64: Actual accumulated shot count | E64: =IF(E63="O/H",E59,0+E59) -> 0 | F64: =IF(F63="O/H",F59,+E64+F59) -> 0 | G64: =IF(G63="O/H",G59,+F64+G59) -> 0 | H64: =IF(H63="O/H",H59,+G64+H59) -> 0 | I64: =IF(I63="O/H",I59,+H64+I59) -> 0 | J64: =IF(J63="O/H",J59,+I64+J59) -> 0 | K64: =IF(K63="O/H",K59,+J64+K59) -> 0 | L64: =IF(L63="O/H",L59,+K64+L59) -> 0 | M64: =IF(M63="O/H",M59,+L64+M59) -> 0 | ... AI64: =IF(AI63="O/H",AI59,+AH64+AI59) -> 0
A65: A2(100ton) | B65: RH06M-J/C (Light gray)7182-9631-40 M2 | C65: =Table1[[#This Row],[M/C No.]] -> A2(100ton) | D65: Plan (pcs.) | AJ65: =SUM(E65:AI65) -> 0 | AK65: =AJ67 -> 0 | AL65: =+AJ65*AN65 -> 0 | AM65: =AL67 -> 0 | AN65: 3.65348 | AO65: =Table1[[#This Row],[Total]]*B69/1000 -> 0 | AP65: M/C A2 | AQ65: WK1 | AR65: WK2 | AS65: WK3 | AT65: WK4 | AU65: WK5 | AV65: Total
A66: A2 (100 Ton) | B66: 7182-9631-40 | D66: Accumulated shot count | E66: =IF(E65="",0,+ E65/E72) -> 0 | F66: =IF(F65="",0, E66+F65/F72) -> 0 | G66: =IF(G65="",0, F66+G65/G72) -> 0 | H66: =IF(H65="",0, G66+H65/H72) -> 0 | I66: =IF(I65="",0, H66+I65/I72) -> 0 | J66: =IF(J65="",0, I66+J65/J72) -> 0 | K66: =IF(K65="",0, J66+K65/K72) -> 0 | L66: =IF(L65="",0, K66+L65/L72) -> 0 | M66: =IF(M65="",0, L66+M65/M72) -> 0 | ... AF66: =IF(AF65="",0, AE66+AF65/AF72) -> 0 | AG66: =IF(AG65="",0, AC66+AG65/AG72) -> 0 | AH66: =IF(AH65="",0, AD66+AH65/AH72) -> 0 | AI66: =IF(AI65="",0, AH66+AI65/AI72) -> 0 | AP66: Plan (pcs) | AQ66: =SUM(E65:K65) -> 0 | AR66: =SUM(L65:R65) -> 0 | AS66: =SUM(S65:Y65) -> 0 | AT66: =SUM(Z65:AF65) -> 0 | AU66: =SUM(AG65:AI65) -> 0 | AV66: =SUM(AQ66:AU66) -> 0
A67: A2 (100 Ton) | B67: 16/16 Cav. | C67: STD. shot mold O/H | D67: Actual (pcs.) | AJ67: =SUM(E67:AI67) -> 0 | AL67: =+AJ67*AN65 -> 0 | AO67: =(AJ67+AJ69+AJ70+AJ71)*B69/1000 -> 0 | AP67: Actual (pcs) | AQ67: =SUM(E67:K67) -> 0 | AR67: =SUM(L67:R67) -> 0 | AS67: =SUM(S67:Y67) -> 0 | AT67: =SUM(Z67:AF67) -> 0 | AU67: =SUM(AG67:AI67) -> 0 | AV67: =SUM(AQ67:AU67) -> 0
A68: A2 (100 Ton) | B68: Part weight (g) | C68: 30000 | D68: Diff.from plan (pcs.) | E68: =+E67-E65 -> 0 | F68: =+F67-F65 -> 0 | G68: =+G67-G65 -> 0 | H68: =+H67-H65 -> 0 | I68: =+I67-I65 -> 0 | J68: =+J67-J65 -> 0 | K68: =+K67-K65 -> 0 | L68: =+L67-L65 -> 0 | ... AJ68: =+AJ67-AJ65 -> 0 | AL68: =+AJ68*AN65 -> 0 | AN68: % Defect | AP68: Deff.(pcs.) | AQ68: =AQ67-AQ66 -> 0 | AR68: =AR67-AR66 -> 0 | AS68: =AS67-AS66 -> 0 | AT68: =AT67-AT66 -> 0 | AU68: =AU67-AU66 -> 0 | AV68: =SUM(AQ68:AU68) -> 0
B69: 4.971 | D69: Throw away (pcs.) | AJ69: =SUM(E69:AI69) -> 0 | AL69: =+AJ69*AN65 -> 0 | AN69: =+AJ69/AJ67 -> #DIV/0! | AO69: =AO67/AO65 -> #DIV/0! | AP69: Throwaway(pcs) | AQ69: =SUM(E69:K69) -> 0 | AR69: =SUM(L69:R69) -> 0 | AS69: =SUM(S69:Y69) -> 0 | AT69: =SUM(Z69:AF69) -> 0 | AU69: =SUM(AG69:AI69) -> 0 | AV69: =SUM(AQ69:AU69) -> 0
A70: A2 (100 Ton) | D70: QC Sample partrol (pcs.) | AJ70: =SUM(E70:AI70) -> 0 | AL70: =+AJ70*AN65 -> 0 | AP70: Throwaway cost (THB) | AQ70: =AQ69*AN65 -> 0 | AR70: =AR69*AN65 -> 0 | AS70: =AS69*AN65 -> 0 | AT70: =AT69*AN65 -> 0 | AU70: =AU69*AN65 -> 0 | AV70: =SUM(AQ70:AU70) -> 0
C71: Trigger line | D71: INJ. Sample partrol (pcs.) | AJ71: =SUM(E71:AI71) -> 0 | AL71: =+AJ71*AN66 -> 0 | AP71: Production amount(THB) | AQ71: =AQ67*AN65 -> 0 | AR71: =AR67*AN65 -> 0 | AS71: =AS67*AN65 -> 0 | AT71: =AT67*AN65 -> 0 | AU71: =AU67*AN65 -> 0 | AV71: =SUM(AQ71:AU71) -> 0
A72: A2 (100 Ton) | C72: =+C68*0.8 -> 24000 | D72: Actual cav. | E72: 16 | F72: 16 | G72: 16 | H72: 16 | I72: 16 | J72: 16 | K72: 16 | L72: 16 | M72: 16 | N72: 16 | O72: 16 | P72: 16 | Q72: 16 | R72: 16 | S72: 16 | T72: 16 | U72: 16 | V72: 16 | W72: 16 | X72: 16 | Y72: 16 | Z72: 16 | AA72: 16 | AB72: 16 | AC72: 16 | AD72: 16 | AE72: 16 | AF72: 16 | AG72: 16 | AH72: 16 | AI72: 16
A73: A2 (100 Ton) | D73: Shot cont | E73: =SUM(E67+E69+E70+E71)/E72 -> 0 | F73: =SUM(F67+F69+F70+F71)/F72 -> 0 | G73: =SUM(G67+G69+G70+G71)/G72 -> 0 | H73: =SUM(H67+H69+H70+H71)/H72 -> 0 | I73: =SUM(I67+I69+I70+I71)/I72 -> 0 | J73: =SUM(J67+J69+J70+J71)/J72 -> 0 | K73: =SUM(K67+K69+K70+K71)/K72 -> 0 | L73: =SUM(L67+L69+L70+L71)/L72 -> 0 | ... AH73: =SUM(AH67+AH69+AH70+AH71)/AH72 -> 0 | AI73: =SUM(AI67+AI69+AI70)/AI72 -> 0 | AJ73: =SUM(E73:AI73) -> 0
A74: A2 (100 Ton) | D74: Mold O/H
A75: A2 (100 Ton) | C75: Screw O/H | D75: Actual accumulated shot count | E75: =IF(E74="O/H",E73,0+E73) -> 0 | F75: =IF(F74="O/H",F73,+E75+F73) -> 0 | G75: =IF(G74="O/H",G73,+F75+G73) -> 0 | H75: =IF(H74="O/H",H73,+G75+H73) -> 0 | I75: =IF(I74="O/H",I73,+H75+I73) -> 0 | J75: =IF(J74="O/H",J73,+I75+J73) -> 0 | K75: =IF(K74="O/H",K73,+J75+K73) -> 0 | L75: =IF(L74="O/H",L73,+K75+L73) -> 0 | M75: =IF(M74="O/H",M73,+L75+M73) -> 0 | ... AI75: =IF(AI74="O/H",AI73,+AH75+AI73) -> 0
C76: 300000 | D76: Total Mold Shot counter Actual | E76: =IF(AND(ISNUMBER(E67)),275415+E73) -> FALSE | F76: =IF(AND(ISNUMBER(F67)),E76+F73,"") | G76: =IF(AND(ISNUMBER(G67)),F76+G73,"") | H76: =IF(AND(ISNUMBER(H67)),G76+H73,"") | I76: =IF(AND(ISNUMBER(I67)),H76+I73,"") | J76: =IF(AND(ISNUMBER(J67)),I76+J73,"") | K76: =IF(AND(ISNUMBER(K67)),J76+K73,"") | L76: =IF(AND(ISNUMBER(L67)),K76+L73,"") | M76: =IF(AND(ISNUMBER(M67)),L76+M73,"") | ... AI76: =IF(AND(ISNUMBER(AI67)),AH76+AI73,"")
B77: YA200-0000-90-0009 | C77: Trigger line | D77: Screw O/H
C78: =+C76*0.8 -> 240000 | D78: Actual accumulated shot count | E78: =IF(E77="O/H",E73,13021+E73) -> 13021 | F78: =IF(F77="O/H",F73,+E78+F73) -> 13021 | G78: =IF(G77="O/H",G73,+F78+G73) -> 13021 | H78: =IF(H77="O/H",H73,+G78+H73) -> 13021 | I78: =IF(I77="O/H",I73,+H78+I73) -> 13021 | J78: =IF(J77="O/H",J73,+I78+J73) -> 13021 | K78: =IF(K77="O/H",K73,+J78+K73) -> 13021 | L78: =IF(L77="O/H",L73,+K78+L73) -> 13021 | M78: =IF(M77="O/H",M73,+L78+M73) -> 13021 | ... AI78: =IF(AI77="O/H",AI73,+AH78+AI73) -> 13021
A79: A2(100ton) | B79: RH10M-J/C (Black)7182-9632-30 M2 | C79: =Table1[[#This Row],[M/C No.]] -> A2(100ton) | D79: Plan (pcs.) | E79: 16000 | F79: 16000 | G79: 16000 | H79: 16000 | I79: 16000 | J79: 14000 | K79: 14000 | L79: 0 | M79: 0 | N79: 10000 | O79: 16000 | P79: 16000 | Q79: 16000 | R79: 16000 | S79: 16000 | T79: 16000 | U79: 16000 | V79: 16000 | W79: 16000 | X79: 16000 | Y79: 16000 | Z79: 16000 | AA79: 16000 | AB79: 16000 | AC79: 8000 | AD79: 0 | AE79: 0 | AF79: 0 | AG79: 0 | AH79: 0 | AJ79: =SUM(E79:AI79) -> 350000 | AK79: =AJ81 -> 301824 | AL79: =+AJ79*AN79 -> 1297061.5 | AM79: =AL81 -> 1118526.5 | AN79: 3.70589 | AO79: =Table1[[#This Row],[Total]]*B83/1000 -> 1802.5 | AP79: M/C A2 | AQ79: WK1 | AR79: WK2 | AS79: WK3 | AT79: WK4 | AU79: WK5 | AV79: Total
