Workbook
Name \a: #REF!
Name \b: #REF!
Name \c: #REF!
Name __A1: [1]承認票!$J$2
Name __A815010: [2]参考!#REF!
Name __f05: #REF!
Name __MC300000: #REF!
Name __MC850001: #REF!
Name __MC860000: #REF!
Name __MC860001: #REF!
Name __MC860002: #REF!
Name __qqq10: #REF!
Name __qqq2: #REF!
Name __qqq3: #REF!
Name __qqq4: #REF!
Name __qqq5: #REF!
Name __qqq56: #REF!
Name __qqq8: #REF!
Name _1_0印: [3]社員リスト!#REF!
Name _A1: [1]承認票!$J$2
Name _A815010: [2]参考!#REF!
Name _f05: #REF!
Name _HK_TBL: #REF!
Name _MC300000: #REF!
Name _MC850001: #REF!
Name _MC860000: #REF!
Name _MC860001: #REF!
Name _MC860002: #REF!
Name _qqq10: #REF!
Name _qqq2: #REF!
Name _qqq3: #REF!
Name _qqq4: #REF!
Name _qqq5: #REF!
Name _qqq56: #REF!
Name _qqq7: #REF!
Name _qqq8: #REF!
Name _qqq9: #REF!
Name _RC29K_BMENG: [4]RCP作業!$O$1:$O$65536
Name _RC29N_MATNR: [4]RCP作業!$R$1:$R$65536
Name _RC29N_WERKS: [4]RCP作業!$S$1:$S$65536
Name _RC29P_IDNRK: [4]RCP作業!$AJ$1:$AJ$65536
Name _RC29P_MEINS: [4]RCP作業!$AM$1:$AM$65536
Name _RC29P_MENGE: [4]RCP作業!$AL$1:$AL$65536
Name _RC29P_POSNR: [4]RCP作業!$AI$1:$AI$65536
Name _RC29P_POSTP: [4]RCP作業!$AN$1
Name _RC29P_SORTF: [4]RCP作業!$AO$1:$AO$65536
Name _TK_TBL: #REF!
Name _価値低下区分: #REF!
Name _利用区分: #REF!
Name _地区区分: #REF!
Name _地目区分: #REF!
Name _奥行区分: #REF!
Name _評価区分: #REF!
Name A_1: #REF!
Name A_2: #REF!
Name A_3: #REF!
Name A_4: #REF!
Name A8150101: [2]参考!#REF!
Name A8150102: [2]参考!#REF!
Name A8150103: [2]参考!#REF!

Sheet Data
A1: 46082 | C1: 46082 | D1: =+C1+1 -> 46083 | E1: =+D1+1 -> 46084 | F1: =+E1+1 -> 46085 | G1: =+F1+1 -> 46086 | H1: =+G1+1 -> 46087 | I1: =+H1+1 -> 46088 | J1: =+I1+1 -> 46089 | K1: =+J1+1 -> 46090 | ... AG1: =+AF1+1 -> 46112
A3: =SUM(C3:AG3) -> 45361.273 | B3: PRB | C3: =C18+C22 -> 1169.4797 | D3: =D18+D22 -> 1229.0442 | E3: =E18+E22 -> 742.85025 | F3: =F18+F22 -> 1324.1315 | G3: =G18+G22 -> 2202.3747 | H3: =H18+H22 -> 1239.065 | I3: =I18+I22 -> 1386.9264 | J3: =J18+J22 -> 1212.6463 | ... AG3: =AG18+AG22 -> 1263.239 | AJ3: 31.2264
A4: =SUM(C4:AG4) -> 10009.148 | B4: BPI | C4: =C10+C14 -> 324.04275 | D4: =D10+D14 -> 370.16007 | E4: =E10+E14 -> 347.46712 | F4: =F10+F14 -> 341.77951 | G4: =G10+G14 -> 337.91108 | H4: =H10+H14 -> 310.54701 | I4: =I10+I14 -> 360.86409 | J4: =J10+J14 -> 339.83154 | ... AG4: =AG10+AG14 -> 213.1699
C5: =SUM(C3:C4) -> 1493.5225 | D5: =SUM(D3:D4) -> 1599.2043 | E5: =SUM(E3:E4) -> 1090.3174 | F5: =SUM(F3:F4) -> 1665.911 | G5: =SUM(G3:G4) -> 2540.2857 | H5: =SUM(H3:H4) -> 1549.612 | I5: =SUM(I3:I4) -> 1747.7905 | J5: =SUM(J3:J4) -> 1552.4779 | ... AG5: =SUM(AG3:AG4) -> 1476.4089
A7: Detail | C7: =A1 -> 46082 | D7: =+C7+1 -> 46083 | E7: =+D7+1 -> 46084 | F7: =+E7+1 -> 46085 | G7: =+F7+1 -> 46086 | H7: =+G7+1 -> 46087 | I7: =+H7+1 -> 46088 | J7: =+I7+1 -> 46089 | K7: =+J7+1 -> 46090 | ... AG7: =+AF7+1 -> 46112
B8: PLAN | C8: =$AK$84/31/1000 -> 94.8572 | D8: =$AK$84/31/1000 -> 94.8572 | E8: =$AK$84/31/1000 -> 94.8572 | F8: =$AK$84/31/1000 -> 94.8572 | G8: =$AK$84/31/1000 -> 94.8572 | H8: =$AK$84/31/1000 -> 94.8572 | I8: =$AK$84/31/1000 -> 94.8572 | J8: =$AK$84/31/1000 -> 94.8572 | ... AG8: =$AK$84/31/1000 -> 94.8572
A9: WD | B9: ACC PLAN | C9: =+C8 -> 94.8572 | D9: =C9+D8 -> 189.7144 | E9: =D9+E8 -> 284.5716 | F9: =E9+F8 -> 379.4288 | G9: =F9+G8 -> 474.286 | H9: =G9+H8 -> 569.1432 | I9: =H9+I8 -> 664.0004 | J9: =I9+J8 -> 758.8576 | K9: =J9+K8 -> 853.7148 | ... AG9: =AF9+AG8 -> 2940.5732
A10: INJ | B10: ACTUAL | C10: =+C93-C95 -> 111.84684 | D10: =+D93-D95 -> 104.83265 | E10: =+E93-E95 -> 111.84684 | F10: =+F93-F95 -> 104.83265 | G10: =+G93-G95 -> 130.65135 | H10: =+H93-H95 -> 111.84684 | I10: =+I93-I95 -> 104.83265 | J10: =+J93-J95 -> 121.58917 | ... AG10: =+AG93-AG95 -> 48.229072
B11: ACC ACTUAL | C11: =C10 -> 111.84684 | D11: =C11+D10 -> 216.67949 | E11: =D11+E10 -> 328.52633 | F11: =E11+F10 -> 433.35898 | G11: =F11+G10 -> 564.01033 | H11: =G11+H10 -> 675.85717 | I11: =H11+I10 -> 780.68982 | J11: =I11+J10 -> 902.27899 | K11: =J11+K10 -> 1023.8682 | ... AG11: =AF11+AG10 -> 3054.5704
B12: PLAN | C12: =$AK$85/31/1000 -> 189.57994 | D12: =$AK$85/31/1000 -> 189.57994 | E12: =$AK$85/31/1000 -> 189.57994 | F12: =$AK$85/31/1000 -> 189.57994 | G12: =$AK$85/31/1000 -> 189.57994 | H12: =$AK$85/31/1000 -> 189.57994 | I12: =$AK$85/31/1000 -> 189.57994 | J12: =$AK$85/31/1000 -> 189.57994 | ... AG12: =$AK$85/31/1000 -> 189.57994
A13: WD-BPI | B13: ACC PLAN | C13: =+C12 -> 189.57994 | D13: =C13+D12 -> 379.15988 | E13: =D13+E12 -> 568.73982 | F13: =E13+F12 -> 758.31976 | G13: =F13+G12 -> 947.89969 | H13: =G13+H12 -> 1137.4796 | I13: =H13+I12 -> 1327.0596 | J13: =I13+J12 -> 1516.6395 | K13: =J13+K12 -> 1706.2195 | ... AG13: =AF13+AG12 -> 5876.9781
A14: RAMP | B14: ACTUAL | C14: =+C95 -> 212.19591 | D14: =+D95 -> 265.32741 | E14: =+E95 -> 235.62029 | F14: =+F95 -> 236.94685 | G14: =+G95 -> 207.25973 | H14: =+H95 -> 198.70018 | I14: =+I95 -> 256.03143 | J14: =+J95 -> 218.24237 | ... AG14: =+AG95 -> 164.94083
B15: ACC ACTUAL | C15: =C14 -> 212.19591 | D15: =C15+D14 -> 477.52333 | E15: =D15+E14 -> 713.14361 | F15: =E15+F14 -> 950.09047 | G15: =F15+G14 -> 1157.3502 | H15: =G15+H14 -> 1356.0504 | I15: =H15+I14 -> 1612.0818 | J15: =I15+J14 -> 1830.3242 | K15: =J15+K14 -> 2111.3266 | ... AG15: =AF15+AG14 -> 6954.5774
B16: PLAN | C16: =$AK$86/31/1000 -> 373.04833 | D16: =$AK$86/31/1000 -> 373.04833 | E16: =$AK$86/31/1000 -> 373.04833 | F16: =$AK$86/31/1000 -> 373.04833 | G16: =$AK$86/31/1000 -> 373.04833 | H16: =$AK$86/31/1000 -> 373.04833 | I16: =$AK$86/31/1000 -> 373.04833 | J16: =$AK$86/31/1000 -> 373.04833 | ... AG16: =$AK$86/31/1000 -> 373.04833
A17: WD-PRB | B17: ACC PLAN | C17: =+C16 -> 373.04833 | D17: =C17+D16 -> 746.09665 | E17: =D17+E16 -> 1119.145 | F17: =E17+F16 -> 1492.1933 | G17: =F17+G16 -> 1865.2416 | H17: =G17+H16 -> 2238.29 | I17: =H17+I16 -> 2611.3383 | J17: =I17+J16 -> 2984.3866 | K17: =J17+K16 -> 3357.4349 | ... AG17: =AF17+AG16 -> 11564.498
A18: INJ | B18: ACTUAL | C18: =+C91-C22 -> 547.36013 | D18: =+D91-D22 -> 548.54842 | E18: =+E91-E22 -> 367.72743 | F18: =+F91-F22 -> 621.91242 | G18: =+G91-G22 -> 656.68597 | H18: =+H91-H22 -> 612.41334 | I18: =+I91-I22 -> 450.14761 | J18: =+J91-J22 -> 445.35846 | ... AG18: =+AG91-AG22 -> 480.97101
B19: ACC ACTUAL | C19: =C18 -> 547.36013 | D19: =C19+D18 -> 1095.9086 | E19: =D19+E18 -> 1463.636 | F19: =E19+F18 -> 2085.5484 | G19: =F19+G18 -> 2742.2344 | H19: =G19+H18 -> 3354.6477 | I19: =H19+I18 -> 3804.7953 | J19: =I19+J18 -> 4250.1538 | K19: =J19+K18 -> 4772.7328 | ... AG19: =AF19+AG18 -> 15125.622 | AH19: =AG19*1000 -> 15125622
B20: PLAN | C20: =$AK$87/31/1000 -> 811.14737 | D20: =$AK$87/31/1000 -> 811.14737 | E20: =$AK$87/31/1000 -> 811.14737 | F20: =$AK$87/31/1000 -> 811.14737 | G20: =$AK$87/31/1000 -> 811.14737 | H20: =$AK$87/31/1000 -> 811.14737 | I20: =$AK$87/31/1000 -> 811.14737 | J20: =$AK$87/31/1000 -> 811.14737 | ... AG20: =$AK$87/31/1000 -> 811.14737
A21: WD-PRB | B21: ACC PLAN | C21: =+C20 -> 811.14737 | D21: =C21+D20 -> 1622.2947 | E21: =D21+E20 -> 2433.4421 | F21: =E21+F20 -> 3244.5895 | G21: =F21+G20 -> 4055.7369 | H21: =G21+H20 -> 4866.8842 | I21: =H21+I20 -> 5678.0316 | J21: =I21+J20 -> 6489.179 | K21: =J21+K20 -> 7300.3263 | ... AG21: =AF21+AG20 -> 25145.569
A22: RAMP | B22: ACTUAL | C22: 622.11959 | D22: 680.49578 | E22: 375.12282 | F22: 702.21912 | G22: 1545.6887 | H22: 626.65161 | I22: 936.77884 | J22: 767.28785 | K22: 942.28891 | L22: 701.5102 | M22: 910.81042 | N22: 694.7839 | O22: 905.02309 | P22: 728.51668 | Q22: 895.99905 | R22: 600.00803 | S22: 887.02784 | T22: 1045.8091 | U22: 775.67674 | V22: 712.63349 | W22: 736.02785 | X22: 893.00302 | Y22: 958.41621 | Z22: 1028.8087 | AA22: 687.5259 | AB22: 744.15512 | AC22: 1119.723 | AD22: 886.74089 | AE22: 907.75531 | AF22: 5434.7756 | AG22: 782.26801
B23: ACC ACTUAL | C23: =C22 -> 622.11959 | D23: =C23+D22 -> 1302.6154 | E23: =D23+E22 -> 1677.7382 | F23: =E23+F22 -> 2379.9573 | G23: =F23+G22 -> 3925.646 | H23: =G23+H22 -> 4552.2976 | I23: =H23+I22 -> 5489.0764 | J23: =I23+J22 -> 6256.3643 | K23: =J23+K22 -> 7198.6532 | ... AG23: =AF23+AG22 -> 30235.651 | AH23: =+AG23*1000 -> 30235651
B24: PLAN | C24: =$AK$88/31/1000 -> 0 | D24: =$AK$88/31/1000 -> 0 | E24: =$AK$88/31/1000 -> 0 | F24: =$AK$88/31/1000 -> 0 | G24: =$AK$88/31/1000 -> 0 | H24: =$AK$88/31/1000 -> 0 | I24: =$AK$88/31/1000 -> 0 | J24: =$AK$88/31/1000 -> 0 | ... AG24: =$AK$88/31/1000 -> 0
A25: NETR | B25: ACC PLAN | C25: =+C24 -> 0 | D25: =C25+D24 -> 0 | E25: =D25+E24 -> 0 | F25: =E25+F24 -> 0 | G25: =F25+G24 -> 0 | H25: =G25+H24 -> 0 | I25: =H25+I24 -> 0 | J25: =I25+J24 -> 0 | K25: =J25+K24 -> 0 | ... AG25: =AF25+AG24 -> 0
B26: ACTUAL | C26: 0 | D26: 0 | E26: 0 | F26: 0 | G26: 0 | H26: 0 | I26: 0 | J26: 0 | K26: 0 | L26: 147.76868 | M26: 0 | N26: 0 | O26: 0 | P26: 0 | Q26: 0 | R26: 147.76868 | S26: 0 | T26: 0 | U26: 0 | V26: 147.76868 | W26: 0 | X26: 0 | Y26: 0 | Z26: 0 | AA26: 130.38413 | AB26: 0 | AC26: 0 | AD26: 0 | AE26: 0 | AF26: 0 | AG26: 0
B27: ACC ACTUAL | C27: =C26 -> 0 | D27: =C27+D26 -> 0 | E27: =D27+E26 -> 0 | F27: =E27+F26 -> 0 | G27: =F27+G26 -> 0 | H27: =G27+H26 -> 0 | I27: =H27+I26 -> 0 | J27: =I27+J26 -> 0 | K27: =J27+K26 -> 0 | ... AG27: =AF27+AG26 -> 573.69017 | AH27: =+AG27*1000 -> 573690.17
B28: PLAN | C28: =$AK$94/31/1000 -> 35.484242 | D28: =$AK$94/31/1000 -> 35.484242 | E28: =$AK$94/31/1000 -> 35.484242 | F28: =$AK$94/31/1000 -> 35.484242 | G28: =$AK$94/31/1000 -> 35.484242 | H28: =$AK$94/31/1000 -> 35.484242 | I28: =$AK$94/31/1000 -> 35.484242 | J28: =$AK$94/31/1000 -> 35.484242 | ... AG28: =$AK$94/31/1000 -> 35.484242
A29: Siam Aisin | B29: ACC PLAN | C29: =+C28 -> 35.484242 | D29: =C29+D28 -> 70.968484 | E29: =D29+E28 -> 106.45273 | F29: =E29+F28 -> 141.93697 | G29: =F29+G28 -> 177.42121 | H29: =G29+H28 -> 212.90545 | I29: =H29+I28 -> 248.38969 | J29: =I29+J28 -> 283.87394 | K29: =J29+K28 -> 319.35818 | ... AG29: =AF29+AG28 -> 1100.0115
B30: ACTUAL | C30: 0 | D30: 0 | E30: 0 | F30: =90.3105 -> 90.3105 | G30: =103.635 -> 103.635 | H30: =90.3105 -> 90.3105 | I30: 0 | J30: 0 | K30: =103.635 -> 103.635 | L30: =103.635 -> 103.635 | M30: =103.635 -> 103.635 | N30: =90.3105 -> 90.3105 | O30: 0 | P30: 0 | Q30: 0 | R30: =103.635 -> 103.635 | S30: =103.635 -> 103.635 | T30: =103.635 -> 103.635 | U30: =103.635 -> 103.635 | V30: 0 | W30: 0 | X30: 0 | Y30: 0 | Z30: 0 | AA30: 0 | AB30: 0 | AC30: 0 | AD30: 0 | AE30: 0 | AF30: 0 | AG30: 0
B31: ACC ACTUAL | C31: =C30 -> 0 | D31: =C31+D30 -> 0 | E31: =D31+E30 -> 0 | F31: =E31+F30 -> 90.3105 | G31: =F31+G30 -> 193.9455 | H31: =G31+H30 -> 284.256 | I31: =H31+I30 -> 284.256 | J31: =I31+J30 -> 284.256 | K31: =J31+K30 -> 387.891 | ... AG31: =AF31+AG30 -> 1100.0115 | AH31: =+AG31*1000 -> 1100011.5
B32: PLAN | C32: =$AK$90/31/1000 -> 4.6490908 | D32: =$AK$90/31/1000 -> 4.6490908 | E32: =$AK$90/31/1000 -> 4.6490908 | F32: =$AK$90/31/1000 -> 4.6490908 | G32: =$AK$90/31/1000 -> 4.6490908 | H32: =$AK$90/31/1000 -> 4.6490908 | I32: =$AK$90/31/1000 -> 4.6490908 | J32: =$AK$90/31/1000 -> 4.6490908 | ... AG32: =$AK$90/31/1000 -> 4.6490908
A33: TRT | B33: ACC PLAN | C33: =+C32 -> 4.6490908 | D33: =C33+D32 -> 9.2981817 | E33: =D33+E32 -> 13.947273 | F33: =E33+F32 -> 18.596363 | G33: =F33+G32 -> 23.245454 | H33: =G33+H32 -> 27.894545 | I33: =H33+I32 -> 32.543636 | J33: =I33+J32 -> 37.192727 | K33: =J33+K32 -> 41.841818 | ... AG33: =AF33+AG32 -> 144.12182
B34: ACTUAL | C34: 0 | D34: 0 | E34: 0 | F34: =5.953+19 -> 24.953 | G34: 0 | H34: 0 | I34: 0 | J34: 0 | K34: =4.5927+3.0697+35.91 -> 43.5724 | L34: 0 | M34: 0 | N34: 0 | O34: 0 | P34: 0 | Q34: 0 | R34: =2.77+0.23432+35.91+2.3328+2.9904 -> 44.23752 | S34: 0 | T34: 0 | U34: 0 | V34: 0 | W34: 0 | X34: 0 | Y34: =45.36+3.105+1.93464 -> 50.39964 | Z34: 0 | AA34: 0 | AB34: 0 | AC34: 0 | AD34: 0 | AE34: 0 | AF34: =9.3768+5.54+3.069+7.56+3.105 -> 28.6508 | AG34: 0 | AI34: ,
B35: ACC ACTUAL | C35: =C34 -> 0 | D35: =C35+D34 -> 0 | E35: =D35+E34 -> 0 | F35: =E35+F34 -> 24.953 | G35: =F35+G34 -> 24.953 | H35: =G35+H34 -> 24.953 | I35: =H35+I34 -> 24.953 | J35: =I35+J34 -> 24.953 | K35: =J35+K34 -> 68.5254 | ... AG35: =AF35+AG34 -> 191.81336 | AH35: =+AG35*1000 -> 191813.36
B36: PLAN | C36: =$AK$91/31/1000 -> 29.82871 | D36: =$AK$91/31/1000 -> 29.82871 | E36: =$AK$91/31/1000 -> 29.82871 | F36: =$AK$91/31/1000 -> 29.82871 | G36: =$AK$91/31/1000 -> 29.82871 | H36: =$AK$91/31/1000 -> 29.82871 | I36: =$AK$91/31/1000 -> 29.82871 | J36: =$AK$91/31/1000 -> 29.82871 | ... AG36: =$AK$91/31/1000 -> 29.82871
A37: FECL | B37: ACC PLAN | C37: =+C36 -> 29.82871 | D37: =C37+D36 -> 59.657419 | E37: =D37+E36 -> 89.486129 | F37: =E37+F36 -> 119.31484 | G37: =F37+G36 -> 149.14355 | H37: =G37+H36 -> 178.97226 | I37: =H37+I36 -> 208.80097 | J37: =I37+J36 -> 238.62968 | K37: =J37+K36 -> 268.45839 | ... AG37: =AF37+AG36 -> 924.69
B38: ACTUAL | C38: 0 | D38: 0 | E38: 0 | F38: =154.115 -> 154.115 | G38: 0 | H38: 0 | I38: 0 | J38: 0 | K38: =154.115 -> 154.115 | L38: 0 | M38: 0 | N38: =154.115 -> 154.115 | O38: 0 | P38: 0 | Q38: 0 | R38: =154.115 -> 154.115 | S38: 0 | T38: 0 | U38: 0 | V38: =154.115 -> 154.115 | W38: 0 | X38: 0 | Y38: 0 | Z38: =154.115 -> 154.115 | AA38: 0 | AB38: 0 | AC38: 0 | AD38: 0 | AE38: 0 | AF38: 0 | AG38: 0
B39: ACC ACTUAL | C39: =C38 -> 0 | D39: =C39+D38 -> 0 | E39: =D39+E38 -> 0 | F39: =E39+F38 -> 154.115 | G39: =F39+G38 -> 154.115 | H39: =G39+H38 -> 154.115 | I39: =H39+I38 -> 154.115 | J39: =I39+J38 -> 154.115 | K39: =J39+K38 -> 308.23 | ... AG39: =AF39+AG38 -> 924.69 | AH39: =+AG39*1000 -> 924690
B40: PLAN | C40: =$AK$95/31/1000 -> 112.63189 | D40: =$AK$95/31/1000 -> 112.63189 | E40: =$AK$95/31/1000 -> 112.63189 | F40: =$AK$95/31/1000 -> 112.63189 | G40: =$AK$95/31/1000 -> 112.63189 | H40: =$AK$95/31/1000 -> 112.63189 | I40: =$AK$95/31/1000 -> 112.63189 | J40: =$AK$95/31/1000 -> 112.63189 | ... AG40: =$AK$95/31/1000 -> 112.63189
A41: BELTON | B41: ACC PLAN | C41: =+C40 -> 112.63189 | D41: =C41+D40 -> 225.26378 | E41: =D41+E40 -> 337.89566 | F41: =E41+F40 -> 450.52755 | G41: =F41+G40 -> 563.15944 | H41: =G41+H40 -> 675.79133 | I41: =H41+I40 -> 788.42321 | J41: =I41+J40 -> 901.0551 | K41: =J41+K40 -> 1013.687 | ... AG41: =AF41+AG40 -> 3491.5885
B42: ACTUAL | C42: 0 | D42: 55.854 | E42: 0 | F42: 0 | G42: 0 | H42: 0 | I42: 0 | J42: 0 | K42: =481.73868+76.18464+83.781 -> 641.70432 | L42: 0 | M42: 167.56128 | N42: 0 | O42: 0 | P42: 0 | Q42: 0 | R42: =55.854+95.2308+481.73868 -> 632.82348 | S42: 0 | T42: 167.56128 | U42: 0 | V42: 0 | W42: 0 | X42: 0 | Y42: =95.2308+649.29996 -> 744.53076 | Z42: 0 | AA42: 0 | AB42: =76.18464+754.02576 -> 830.2104 | AC42: 0 | AD42: 0 | AE42: 0 | AF42: 0 | AG42: 0
B43: ACC ACTUAL | C43: =C42 -> 0 | D43: =C43+D42 -> 55.854 | E43: =D43+E42 -> 55.854 | F43: =E43+F42 -> 55.854 | G43: =F43+G42 -> 55.854 | H43: =G43+H42 -> 55.854 | I43: =H43+I42 -> 55.854 | J43: =I43+J42 -> 55.854 | K43: =J43+K42 -> 697.55832 | ... AG43: =AF43+AG42 -> 3240.2455 | AH43: =+AG43*1000 -> 3240245.5
B44: PLAN | C44: =$AK$89/31/1000 -> 135.9449 | D44: =$AK$89/31/1000 -> 135.9449 | E44: =$AK$89/31/1000 -> 135.9449 | F44: =$AK$89/31/1000 -> 135.9449 | G44: =$AK$89/31/1000 -> 135.9449 | H44: =$AK$89/31/1000 -> 135.9449 | I44: =$AK$89/31/1000 -> 135.9449 | J44: =$AK$89/31/1000 -> 135.9449 | ... AG44: =$AK$89/31/1000 -> 135.9449
A45: TAP-C | B45: ACC PLAN | C45: =+C44 -> 135.9449 | D45: =C45+D44 -> 271.88981 | E45: =D45+E44 -> 407.83471 | F45: =E45+F44 -> 543.77961 | G45: =F45+G44 -> 679.72452 | H45: =G45+H44 -> 815.66942 | I45: =H45+I44 -> 951.61432 | J45: =I45+J44 -> 1087.5592 | K45: =J45+K44 -> 1223.5041 | ... AG45: =AF45+AG44 -> 4214.292 | AH45: =+AG47/AG45 -> 1.099322
B46: ACTUAL | C46: 0 | D46: =42.42+19.68+840.66+42.42+9.783+6.486 -> 961.449 | E46: 0 | F46: 0 | G46: 0 | H46: 0 | I46: 0 | J46: 0 | K46: =124.632+40.89+704.43+42.42+40.89+48.915+25.296+278.256+37.944+63.24+9.783+12.648+12.648 -> 1441.992 | L46: 0 | M46: 0 | N46: 0 | O46: 0 | P46: 0 | Q46: 0 | R46: =21.21+16.74+19.68+577.17+19.68+29.349+12.648+9.783+113.832+9.783+12.648+12.648+6.486 -> 861.657 | S46: 0 | T46: 0 | U46: 0 | V46: 0 | W46: 0 | X46: 0 | Y46: =639.27+42.42+12.648+29.349+12.648+126.48+48.915+25.296+9.783+12.648 -> 959.457 | Z46: 0 | AA46: 0 | AB46: 0 | AC46: 0 | AD46: 0 | AE46: 0 | AF46: =16.74+50.22+39.36+19.68+50.592+12.648+177.072+9.783+32.214 -> 408.309 | AG46: 0 | AI46: =+AH47-AI47 -> 458622
B47: ACC ACTUAL | C47: =C46 -> 0 | D47: =C47+D46 -> 961.449 | E47: =D47+E46 -> 961.449 | F47: =E47+F46 -> 961.449 | G47: =F47+G46 -> 961.449 | H47: =G47+H46 -> 961.449 | I47: =H47+I46 -> 961.449 | J47: =I47+J46 -> 961.449 | K47: =J47+K46 -> 2403.441 | ... AG47: =AF47+AG46 -> 4632.864 | AH47: =+AG47*1000 -> 4632864 | AI47: 4174242
B48: PLAN | C48: =+$AK$93/1000/31 -> 20.057419 | D48: =+$AK$93/1000/31 -> 20.057419 | E48: =+$AK$93/1000/31 -> 20.057419 | F48: =+$AK$93/1000/31 -> 20.057419 | G48: =+$AK$93/1000/31 -> 20.057419 | H48: =+$AK$93/1000/31 -> 20.057419 | I48: =+$AK$93/1000/31 -> 20.057419 | J48: =+$AK$93/1000/31 -> 20.057419 | ... AG48: =+$AK$93/1000/31 -> 20.057419
A49: ADVICS | B49: ACC PLAN | C49: =+C48 -> 20.057419 | D49: =C49+D48 -> 40.114839 | E49: =D49+E48 -> 60.172258 | F49: =E49+F48 -> 80.229677 | G49: =F49+G48 -> 100.2871 | H49: =G49+H48 -> 120.34452 | I49: =H49+I48 -> 140.40194 | J49: =I49+J48 -> 160.45935 | K49: =J49+K48 -> 180.51677 | ... AG49: =AF49+AG48 -> 621.78
B50: ACTUAL | C50: 0 | D50: 0 | E50: 0 | F50: =122.9 -> 122.9 | G50: 0 | H50: 0 | I50: 0 | J50: 0 | K50: =144.48 -> 144.48 | L50: 0 | M50: 0 | N50: 0 | O50: 0 | P50: 0 | Q50: 0 | R50: =144.48 -> 144.48 | S50: 0 | T50: 0 | U50: 0 | V50: 0 | W50: 0 | X50: 0 | Y50: =108.2 -> 108.2 | Z50: 0 | AA50: 0 | AB50: 0 | AC50: 0 | AD50: 0 | AE50: 0 | AF50: =131.52 -> 131.52 | AG50: 0 | AH50: =+AG51-AG49 -> 29.8
B51: ACC ACTUAL | C51: =C50 -> 0 | D51: =C51+D50 -> 0 | E51: =D51+E50 -> 0 | F51: =E51+F50 -> 122.9 | G51: =F51+G50 -> 122.9 | H51: =G51+H50 -> 122.9 | I51: =H51+I50 -> 122.9 | J51: =I51+J50 -> 122.9 | K51: =J51+K50 -> 267.38 | ... AG51: =AF51+AG50 -> 651.58 | AH51: =+AG51*1000 -> 651580
B52: PLAN | C52: =+$AK$92/1000/31 -> 0 | D52: =+$AK$92/1000/31 -> 0 | E52: =+$AK$92/1000/31 -> 0 | F52: =+$AK$92/1000/31 -> 0 | G52: =+$AK$92/1000/31 -> 0 | H52: =+$AK$92/1000/31 -> 0 | I52: =+$AK$92/1000/31 -> 0 | J52: =+$AK$92/1000/31 -> 0 | ... AG52: =+$AK$92/1000/31 -> 0
A53: SEAGATE | B53: ACC PLAN | C53: =+C52 -> 0 | D53: =C53+D52 -> 0 | E53: =D53+E52 -> 0 | F53: =E53+F52 -> 0 | G53: =F53+G52 -> 0 | H53: =G53+H52 -> 0 | I53: =H53+I52 -> 0 | J53: =I53+J52 -> 0 | K53: =J53+K52 -> 0 | ... AG53: =AF53+AG52 -> 0
B54: ACTUAL | C54: 0 | D54: 0 | E54: 0 | F54: 0 | G54: 0 | H54: 0 | I54: 0 | J54: 0 | K54: 0 | L54: 0 | M54: 0 | N54: 0 | O54: 0 | P54: 0 | Q54: 0 | R54: 0 | S54: 0 | T54: 0 | U54: 0 | V54: 0 | W54: 0 | X54: 0 | Y54: 0 | Z54: 0 | AA54: 0 | AB54: 0 | AC54: 0 | AD54: 0 | AE54: 0 | AF54: 0 | AG54: 0 | AH54: =+AG55-AG53 -> 0
B55: ACC ACTUAL | C55: =C54 -> 0 | D55: =C55+D54 -> 0 | E55: =D55+E54 -> 0 | F55: =E55+F54 -> 0 | G55: =F55+G54 -> 0 | H55: =G55+H54 -> 0 | I55: =H55+I54 -> 0 | J55: =I55+J54 -> 0 | K55: =J55+K54 -> 0 | ... AG55: =AF55+AG54 -> 0 | AH55: =+AG55*1000 -> 0
A57: ALL | B57: PLAN | C57: =SUMIF($B$8:$B$55,$B$57,C8:C55) -> 1807.2291 | D57: =SUMIF($B$8:$B$55,$B$57,D8:D55) -> 1807.2291 | E57: =SUMIF($B$8:$B$55,$B$57,E8:E55) -> 1807.2291 | F57: =SUMIF($B$8:$B$55,$B$57,F8:F55) -> 1807.2291 | G57: =SUMIF($B$8:$B$55,$B$57,G8:G55) -> 1807.2291 | H57: =SUMIF($B$8:$B$55,$B$57,H8:H55) -> 1807.2291 | I57: =SUMIF($B$8:$B$55,$B$57,I8:I55) -> 1807.2291 | J57: =SUMIF($B$8:$B$55,$B$57,J8:J55) -> 1807.2291 | ... AG57: =SUMIF($B$8:$B$55,$B$57,AG8:AG55) -> 1807.2291
B58: ACC PLAN | C58: =C57 -> 1807.2291 | D58: =C58+D57 -> 3614.4582 | E58: =D58+E57 -> 5421.6873 | F58: =E58+F57 -> 7228.9164 | G58: =F58+G57 -> 9036.1454 | H58: =G58+H57 -> 10843.375 | I58: =H58+I57 -> 12650.604 | J58: =I58+J57 -> 14457.833 | K58: =J58+K57 -> 16265.062 | ... AG58: =AF58+AG57 -> 56024.102 | AH58: Plan | AI58: =+AG58/1000 -> 56.024102
B59: ANNUAL PLAN | C59: =+$AJ$96/31/1000 -> 2210.3622 | D59: =+$AJ$96/31/1000 -> 2210.3622 | E59: =+$AJ$96/31/1000 -> 2210.3622 | F59: =+$AJ$96/31/1000 -> 2210.3622 | G59: =+$AJ$96/31/1000 -> 2210.3622 | H59: =+$AJ$96/31/1000 -> 2210.3622 | I59: =+$AJ$96/31/1000 -> 2210.3622 | J59: =+$AJ$96/31/1000 -> 2210.3622 | ... AG59: =+$AJ$96/31/1000 -> 2210.3622
B60: ACC ANNUAL | C60: =C59 -> 2210.3622 | D60: =C60+D59 -> 4420.7243 | E60: =D60+E59 -> 6631.0865 | F60: =E60+F59 -> 8841.4486 | G60: =F60+G59 -> 11051.811 | H60: =G60+H59 -> 13262.173 | I60: =H60+I59 -> 15472.535 | J60: =I60+J59 -> 17682.897 | K60: =J60+K59 -> 19893.259 | ... AG60: =AF60+AG59 -> 68521.227 | AH60: Plan | AI60: =+AG60/1000 -> 68.521227
B61: ACTUAL | C61: =SUMIF($B$8:$B$55,$B$61,C8:C55) -> 1493.5225 | D61: =SUMIF($B$8:$B$55,$B$61,D8:D55) -> 2616.5073 | E61: =SUMIF($B$8:$B$55,$B$61,E8:E55) -> 1090.3174 | F61: =SUMIF($B$8:$B$55,$B$61,F8:F55) -> 2058.1895 | G61: =SUMIF($B$8:$B$55,$B$61,G8:G55) -> 2643.9207 | H61: =SUMIF($B$8:$B$55,$B$61,H8:H55) -> 1639.9225 | I61: =SUMIF($B$8:$B$55,$B$61,I8:I55) -> 1747.7905 | J61: =SUMIF($B$8:$B$55,$B$61,J8:J55) -> 1552.4779 | ... AG61: =SUMIF($B$8:$B$55,$B$61,AG8:AG55) -> 1476.4089
B62: ACC ACTUAL | C62: =C61 -> 1493.5225 | D62: =C62+D61 -> 4110.0297 | E62: =D62+E61 -> 5200.3471 | F62: =E62+F61 -> 7258.5367 | G62: =F62+G61 -> 9902.4574 | H62: =G62+H61 -> 11542.38 | I62: =H62+I61 -> 13290.17 | J62: =I62+J61 -> 14842.648 | K62: =J62+K61 -> 19239.606 | ... AG62: =AF62+AG61 -> 66685.316 | AH62: Actual | AI62: =+AG62*1000 -> 66685316
C63: =+C62/C58 -> 0.82641569 | D63: =+D62/D58 -> 1.1371081 | E63: =+E62/E58 -> 0.95917504 | F63: =+F62/F58 -> 1.0040975 | G63: =+G62/G58 -> 1.0958718 | H63: =+H62/H58 -> 1.0644638 | I63: =+I62/I58 -> 1.0505562 | J63: =+J62/J58 -> 1.0266164 | ... AG63: =+AG62/AG58 -> 1.1902969 | AH63: =+AG62/AG58 -> 1.1902969
C64: 1 | D64: =+C64+1 -> 2 | E64: =+D64+1 -> 3 | F64: =+E64+1 -> 4 | G64: =+F64+1 -> 5 | H64: =+G64+1 -> 6 | I64: =+H64+1 -> 7 | J64: =+I64+1 -> 8 | K64: =+J64+1 -> 9 | ... AG64: =+AF64+1 -> 31
A65: Figure 1 | B65: ACC PLAN | C65: =C58 -> 1807.2291 | D65: =D58 -> 3614.4582 | E65: =E58 -> 5421.6873 | F65: =F58 -> 7228.9164 | G65: =G58 -> 9036.1454 | H65: =H58 -> 10843.375 | I65: =I58 -> 12650.604 | J65: =J58 -> 14457.833 | ... AG65: =AG58 -> 56024.102 | AH65: =+AG67/AG65% -> 119.02969
B66: ACC ANNUAL | C66: =+C60 -> 2210.3622 | D66: =+D60 -> 4420.7243 | E66: =+E60 -> 6631.0865 | F66: =+F60 -> 8841.4486 | G66: =+G60 -> 11051.811 | H66: =+H60 -> 13262.173 | I66: =+I60 -> 15472.535 | J66: =+J60 -> 17682.897 | ... AG66: =+AG60 -> 68521.227
A67: Over view totally | B67: ACC ACTUAL | C67: =C62 -> 1493.5225 | D67: =D62 -> 4110.0297 | E67: =E62 -> 5200.3471 | F67: =F62 -> 7258.5367 | G67: =G62 -> 9902.4574 | H67: =H62 -> 11542.38 | I67: =I62 -> 13290.17 | J67: =J62 -> 14842.648 | ... AG67: =AG62 -> 66685.316 | AH67: =+AG67*1000 -> 66685316
A68: Progressive / Acc Plan | C68: =C67/$AG$65 -> 0.026658571 | D68: =D67/$AG$65 -> 0.073361814 | E68: =E67/$AG$65 -> 0.092823391 | F68: =F67/$AG$65 -> 0.12956096 | G68: =G67/$AG$65 -> 0.17675352 | H68: =H67/$AG$65 -> 0.20602526 | I68: =I67/$AG$65 -> 0.23722237 | J68: =J67/$AG$65 -> 0.26493327 | ... AG68: =AG67/$AG$65 -> 1.1902969 | AH68: =+AG67-AG65 -> 10661.214
C70: 1 | D70: =+C70+1 -> 2 | E70: =+D70+1 -> 3 | F70: =+E70+1 -> 4 | G70: =+F70+1 -> 5 | H70: =+G70+1 -> 6 | I70: =+H70+1 -> 7 | J70: =+I70+1 -> 8 | K70: =+J70+1 -> 9 | ... AG70: =+AF70+1 -> 31
A71: Figure 2 | B71: ACC PLAN | C71: =C9+C13 -> 284.43714 | D71: =D9+D13 -> 568.87428 | E71: =E9+E13 -> 853.31142 | F71: =F9+F13 -> 1137.7486 | G71: =G9+G13 -> 1422.1857 | H71: =H9+H13 -> 1706.6228 | I71: =I9+I13 -> 1991.06 | J71: =J9+J13 -> 2275.4971 | ... AG71: =AG9+AG13 -> 8817.5513 | AH71: =+AG72/AG71% -> 113.51392
A72: WD-BPI | B72: ACC ACTUAL | C72: =C11+C15 -> 324.04275 | D72: =D11+D15 -> 694.20282 | E72: =E11+E15 -> 1041.6699 | F72: =F11+F15 -> 1383.4494 | G72: =G11+G15 -> 1721.3605 | H72: =H11+H15 -> 2031.9075 | I72: =I11+I15 -> 2392.7716 | J72: =J11+J15 -> 2732.6032 | ... AG72: =AG11+AG15 -> 10009.148 | AH72: =+AG72-AG71 -> 1191.5966
C74: 1 | D74: =+C74+1 -> 2 | E74: =+D74+1 -> 3 | F74: =+E74+1 -> 4 | G74: =+F74+1 -> 5 | H74: =+G74+1 -> 6 | I74: =+H74+1 -> 7 | J74: =+I74+1 -> 8 | K74: =+J74+1 -> 9 | ... AG74: =+AF74+1 -> 31 | AH74: =+AG76-AG75 -> 8651.2067
A75: Figure3 | B75: ACC PLAN | C75: =C17+C21 -> 1184.1957 | D75: =D17+D21 -> 2368.3914 | E75: =E17+E21 -> 3552.5871 | F75: =F17+F21 -> 4736.7828 | G75: =G17+G21 -> 5920.9785 | H75: =H17+H21 -> 7105.1742 | I75: =I17+I21 -> 8289.3699 | J75: =J17+J21 -> 9473.5656 | ... AG75: =AG17+AG21 -> 36710.067 | AH75: =+AG76/AG75% -> 123.56631
A76: WD-PRB | B76: ACC ACTUAL | C76: =C19+C23 -> 1169.4797 | D76: =D19+D23 -> 2398.5239 | E76: =E19+E23 -> 3141.3742 | F76: =F19+F23 -> 4465.5057 | G76: =G19+G23 -> 6667.8804 | H76: =H19+H23 -> 7906.9453 | I76: =I19+I23 -> 9293.8718 | J76: =J19+J23 -> 10506.518 | ... AG76: =AG19+AG23 -> 45361.273 | AH76: =+AG76-AG75 -> 8651.2067
C78: 1 | D78: =+C78+1 -> 2 | E78: =+D78+1 -> 3 | F78: =+E78+1 -> 4 | G78: =+F78+1 -> 5 | H78: =+G78+1 -> 6 | I78: =+H78+1 -> 7 | J78: =+I78+1 -> 8 | K78: =+J78+1 -> 9 | ... AG78: =+AF78+1 -> 31
A79: Figure 4 | B79: ACC PLAN | C79: =C49 -> 20.057419 | D79: =D49 -> 40.114839 | E79: =E49 -> 60.172258 | F79: =F49 -> 80.229677 | G79: =G49 -> 100.2871 | H79: =H49 -> 120.34452 | I79: =I49 -> 140.40194 | J79: =J49 -> 160.45935 | ... AG79: =AG49 -> 621.78 | AH79: =+AG80/AG79% -> 104.79269
A80: ADVICS | B80: ACC ACTUAL | C80: =C51 -> 0 | D80: =D51 -> 0 | E80: =E51 -> 0 | F80: =F51 -> 122.9 | G80: =G51 -> 122.9 | H80: =H51 -> 122.9 | I80: =I51 -> 122.9 | J80: =J51 -> 122.9 | ... AG80: =AG51 -> 651.58
C82: 1 | D82: =+C82+1 -> 2 | E82: =+D82+1 -> 3 | F82: =+E82+1 -> 4 | G82: =+F82+1 -> 5 | H82: =+G82+1 -> 6 | I82: =+H82+1 -> 7 | J82: =+I82+1 -> 8 | K82: =+J82+1 -> 9 | ... AG82: =+AF82+1 -> 31 | AJ82: Monthlty Plan | AM82: WD | AN82: Latch | AO82: 2113816
A83: Figure 5 | B83: ACC PLAN | C83: =+C45 -> 135.9449 | D83: =+D45 -> 271.88981 | E83: =+E45 -> 407.83471 | F83: =+F45 -> 543.77961 | G83: =+G45 -> 679.72452 | H83: =+H45 -> 815.66942 | I83: =+I45 -> 951.61432 | J83: =+J45 -> 1087.5592 | ... AG83: =+AG45 -> 4214.292 | AH83: =+AG84/AG83% -> 109.9322 | AI83: CUS | AK83: Amt (THB) | AM83: WD | AN83: Ramp | AO83: 5936294.5
A84: TAP-C | B84: ACC ACTUAL | C84: =+C47 -> 0 | D84: =+D47 -> 961.449 | E84: =+E47 -> 961.449 | F84: =+F47 -> 961.449 | G84: =+G47 -> 961.449 | H84: =+H47 -> 961.449 | I84: =+I47 -> 961.449 | J84: =+J47 -> 961.449 | ... AG84: =+AG47 -> 4632.864 | AI84: WD INJ | AJ84: INJ | AK84: 2940573.2 | AM84: HGST | AN84: Latch | AO84: 12333055
AI85: WD RAMP | AJ85: Ramp | AK85: 5876978.1 | AL85: =SUM(AK84:AK85) -> 8817551.3 | AM85: HGST | AN85: Ramp | AO85: 22505232
C86: 1 | D86: =+C86+1 -> 2 | E86: =+D86+1 -> 3 | F86: =+E86+1 -> 4 | G86: =+F86+1 -> 5 | H86: =+G86+1 -> 6 | I86: =+H86+1 -> 7 | J86: =+I86+1 -> 8 | K86: =+J86+1 -> 9 | ... AG86: =+AF86+1 -> 31 | AI86: HGST INJ | AJ86: INJ | AK86: 11564498 | AM86: Nidec/Toshiba (Filter Case) | AN86: Latch | AO86: 0
A87: Figure 6 | B87: ACC PLAN | C87: =C65-(C71+C75+C79+C83) -> 182.59393 | D87: =D65-(D71+D75+D79+D83) -> 365.18786 | E87: =E65-(E71+E75+E79+E83) -> 547.78179 | F87: =F65-(F71+F75+F79+F83) -> 730.37572 | G87: =G65-(G71+G75+G79+G83) -> 912.96965 | H87: =H65-(H71+H75+H79+H83) -> 1095.5636 | I87: =I65-(I71+I75+I79+I83) -> 1278.1575 | J87: =J65-(J71+J75+J79+J83) -> 1460.7514 | ... AG87: =AG65-(AG71+AG75+AG79+AG83) -> 5660.4118 | AH87: =+AG88/AG87% -> 106.53731 | AI87: HGST RAMP | AJ87: Ramp | AK87: 25145569 | AL87: =SUM(AK86:AK87) -> 36710067 | AM87: Fujikura (Bobin) | AN87: Latch | AO87: 890682.1
A88: OTHER | B88: ACC ACTUAL | C88: =C67-(C72+C76+C80+C84)+C107 -> 0 | D88: =D67-(D72+D76+D80+D84)+D107 -> 55.854 | E88: =E67-(E72+E76+E80+E84)+E107 -> 55.854 | F88: =F67-(F72+F76+F80+F84)+F107 -> 325.2325 | G88: =G67-(G72+G76+G80+G84)+G107 -> 428.8675 | H88: =H67-(H72+H76+H80+H84)+H107 -> 519.178 | I88: =I67-(I72+I76+I80+I84)+I107 -> 519.178 | J88: =J67-(J72+J76+J80+J84)+J107 -> 519.178 | ... AG88: =AG67-(AG72+AG76+AG80+AG84)+AG107 -> 6030.4506 | AI88: NETR | AK88: 0 | AM88: Belton (Bracket) | AN88: Latch | AO88: 169074 | AQ88: 72072.806
X89: =((Z67/Z90)*(COUNT(AA90:AG90)))+Z67 -> 49190.957 | Y89: =COUNT(AA90:AG90) -> 7 | AI89: TAP-C | AK89: 4214292 | AM89: Seagate (Slider Tray) | AN89: Latch | AO89: 0 | AQ89: 492176
C90: =C7 -> 46082 | D90: =D7 -> 46083 | E90: =E7 -> 46084 | F90: =F7 -> 46085 | G90: =G7 -> 46086 | H90: =H7 -> 46087 | I90: =I7 -> 46088 | J90: =J7 -> 46089 | ... AG90: =AG7 -> 46112 | AI90: TRT | AK90: 144121.82 | AM90: TAP-C | AN90: Auto | AO90: 3750090 | AQ90: 143640
A91: WD-PRB | B91: ACTUAL | C91: 1169.4797 | D91: 1229.0442 | E91: 742.85025 | F91: 1324.1315 | G91: 2202.3747 | H91: 1239.065 | I91: 1386.9264 | J91: 1212.6463 | K91: 1464.8679 | L91: 1116.1173 | M91: 1344.3724 | N91: 1201.7495 | O91: 1307.5853 | P91: 1207.9681 | Q91: 1283.4844 | R91: 1011.81 | S91: 1268.8647 | T91: 1459.6203 | U91: 1098.2493 | V91: 1121.0939 | W91: 1332.1221 | X91: 1363.8412 | Y91: 1555.371 | Z91: 1592.0775 | AA91: 1157.2772 | AB91: 1215.5478 | AC91: 1690.2115 | AD91: 1476.3968 | AE91: 1371.651 | AF91: 5951.2367 | AG91: 1263.239 | AI91: Fujikura | AK91: 924690 | AM91: TRT | AN91: Auto | AO91: 137043.4
B92: ACC ACTUAL | C92: =+C91 -> 1169.4797 | D92: =+C92+D91 -> 2398.5239 | E92: =+D92+E91 -> 3141.3742 | F92: =+E92+F91 -> 4465.5057 | G92: =+F92+G91 -> 6667.8804 | H92: =+G92+H91 -> 7906.9453 | I92: =+H92+I91 -> 9293.8718 | J92: =+I92+J91 -> 10506.518 | K92: =+J92+K91 -> 11971.386 | ... AG92: =+AF92+AG91 -> 45361.273 | AH92: =AG92*1000 -> 45361273 | AI92: SEAGATE | AK92: 0 | AM92: ADVICS | AN92: Auto | AO92: 469720
A93: WD-BPI | B93: ACTUAL | C93: 324.04275 | D93: 370.16007 | E93: 347.46712 | F93: 341.77951 | G93: 337.91108 | H93: 310.54701 | I93: 360.86409 | J93: 339.83154 | K93: 402.5916 | L93: 362.48448 | M93: 379.16848 | N93: 316.15836 | O93: 293.72798 | P93: 316.36216 | Q93: 315.27315 | R93: 358.33098 | S93: 310.9271 | T93: 363.76603 | U93: 367.36065 | V93: 309.15918 | W93: 362.61951 | X93: 304.33427 | Y93: 357.39075 | Z93: 309.69806 | AA93: 325.32681 | AB93: 325.85444 | AC93: 192.88128 | AD93: 263.30693 | AE93: 246.76046 | AF93: 279.89216 | AG93: 213.1699 | AI93: Advics | AK93: 621780 | AM93: SIAM AISIN | AN93: Auto | AO93: 2060771.4
B94: ACC ACTUAL | C94: =+C93 -> 324.04275 | D94: =+C94+D93 -> 694.20282 | E94: =+D94+E93 -> 1041.6699 | F94: =+E94+F93 -> 1383.4494 | G94: =+F94+G93 -> 1721.3605 | H94: =+G94+H93 -> 2031.9075 | I94: =+H94+I93 -> 2392.7716 | J94: =+I94+J93 -> 2732.6032 | K94: =+J94+K93 -> 3135.1948 | ... AG94: =+AF94+AG93 -> 10009.148 | AI94: Siam Aisin | AK94: 1100011.5 | AM94: =+AJ96/1000000 -> 68.521227
A95: WD-BPI | B95: ACTUAL | C95: 212.19591 | D95: 265.32741 | E95: 235.62029 | F95: 236.94685 | G95: 207.25973 | H95: 198.70018 | I95: 256.03143 | J95: 218.24237 | K95: 281.00242 | L95: 253.36579 | M95: 257.5793 | N95: 201.58337 | O95: 165.12462 | P95: 221.27184 | Q95: 211.12066 | R95: 246.48414 | S95: 206.77461 | T95: 260.98137 | U95: 281.3325 | V95: 207.05468 | W95: 258.46702 | X95: 227.55835 | Y95: 245.54392 | Z95: 197.85122 | AA95: 261.02138 | AB95: 249.07851 | AC95: 114.54748 | AD95: 208.06367 | AE95: 170.47465 | AF95: 233.03091 | AG95: 164.94083 | AI95: Belton | AK95: 3491588.5
A96: Ramp | B96: ACC ACTUAL | C96: =+C95 -> 212.19591 | D96: =+C96+D95 -> 477.52333 | E96: =+D96+E95 -> 713.14361 | F96: =+E96+F95 -> 950.09047 | G96: =+F96+G95 -> 1157.3502 | H96: =+G96+H95 -> 1356.0504 | I96: =+H96+I95 -> 1612.0818 | J96: =+I96+J95 -> 1830.3242 | K96: =+J96+K95 -> 2111.3266 | ... AG96: =+AF96+AG95 -> 6954.5774 | AI96: ANNUAL Plan | AJ96: 68521227 | AK96: =SUM(AK84:AK95) -> 56024102
C97: =+C94-C96 -> 111.84684 | D97: =+D94-D96 -> 216.67949 | E97: =+E94-E96 -> 328.52633 | F97: =+F94-F96 -> 433.35898 | G97: =+G94-G96 -> 564.01033 | H97: =+H94-H96 -> 675.85717 | I97: =+I94-I96 -> 780.68982 | J97: =+J94-J96 -> 902.27899 | ... Q97: =+Q94-Q96 -> 1696.9972 | R97: =+R98-R95 -> -12.886377 | S97: =+S98-S95 -> 8.5570702 | T97: =+T94-T96 -> 2015.7812 | U97: =+U94-U96 -> 2101.8093 | V97: =+V94-V96 -> 2203.9138 | W97: =+W94-W96 -> 2308.0663 | X97: =+X94-X96 -> 2384.8422 | Y97: =+Y94-Y96 -> 2496.6891 | AA97: =+AA94-AA96 -> 2672.8413 | AG97: =+AG94-AG96 -> 3054.5704 | AK97: 56024102 | AM97: KPI report to ISO
C98: 175.68025 | D98: 216.71666 | E98: 241.1656 | F98: 255.57216 | G98: 246.39369 | H98: 217.63919 | I98: 269.43773 | J98: 252.3087 | K98: 254.83366 | L98: 204.53996 | M98: 255.56307 | N98: 276.57214 | O98: 58.901004 | P98: 81.404651 | Q98: 85.413635 | R98: 233.59777 | S98: 215.33168 | T98: 236.84891 | U98: 229.79802 | V98: 290.51889 | W98: 289.93249 | X98: 199.82618 | Y98: 254.85593 | Z98: =+Z94-Z96 -> 2608.5359 | AA98: 256.85593 | AB98: 262.38215 | AC98: 263.38215 | AD98: 264.38215 | AE98: 265.38215 | AF98: 266.38215 | AG98: =+AG23 -> 30235.651 | AM98: ・BPI | AN98: =+AL85/1000 -> 8817.5513
C99: =+C98-C93 -> -148.3625 | D99: =+D98-D93 -> -153.44341 | E99: =+E98-E93 -> -106.30152 | F99: =+F98-F93 -> -86.207351 | G99: =+G98-G93 -> -91.517387 | H99: =+H98-H93 -> -92.907819 | I99: =+I98-I93 -> -91.426355 | J99: =+J98-J93 -> -87.522838 | ... Y99: =+Y98-Y93 -> -102.53482 | Z99: 255.85593 | AA99: =+AA98-AA93 -> -68.470879 | AB99: =+AB98-AB93 -> -63.472282 | AC99: =+AC98-AC93 -> 70.500874 | AD99: =+AD98-AD93 -> 1.0752258 | AE99: =+AE98-AE93 -> 18.621696 | AF99: =+AF98-AF93 -> -13.510004 | AG99: =+AG92-AG98 -> 15125.622 | AJ99: Sale Separatej Type | AM99: ・PRB | AN99: =+AL87/1000 -> 36710.067
A100: NPI and Others ( exclude plan ) | Z100: =+Z99-Z93 -> -53.842129 | AJ100: Total | AK100: =+AH67 -> 66685316 | AM100: ・TAP-C | AN100: =+AK89/1000 -> 4214.292
A101: FETL | B101: ACTUAL | AJ101: Ramp BPI | AK101: =+AF96*1000 -> 6789636.6 | AM101: ・TRT | AN101: =+AK90/1000 -> 144.12182
A102: Mektec | B102: ACTUAL | AJ102: Ramp PRB | AK102: =+AH23 -> 30235651 | AM102: ・ADVICS | AN102: =+AK93/1000 -> 621.78
A103: Siam Aisin | B103: ACTUAL | AM103: ・SIAM AISIN | AN103: =+AK94/1000 -> 1100.0115
A104: PRB | B104: ACTUAL | AJ104: INJ WD | AK104: =+AG97*1000 -> 3054570.4 | AM104: ・Other ( HDD ) | AN104: =+(AK88+AK91+AK92+AK95)/1000 -> 4416.2785
A105: BPI | B105: ACTUAL | AJ105: INJ PRB | AK105: =+AG99*1000 -> 15125622 | AN105: =SUM(AN98:AN104) -> 56024.102
A106: OTHER | B106: ACTUAL | AJ106: TRT | AK106: =+AH35-AK111 -> 191813.36 | AM106: ・BPI | AN106: =+AG72 -> 10009.148 | AP106: =+AN106-AN98 -> 1191.5966
B107: ACC ACTUAL | C107: =+C101+C102+C103+C104+C105+C106 -> 0 | D107: =C107+D101+D102+D103+D104+D105+D106 -> 0 | E107: =D107+E101+E102+E103+E104+E105+E106 -> 0 | F107: =E107+F101+F102+F103+F104+F105+F106 -> 0 | G107: =F107+G101+G102+G103+G104+G105+G106 -> 0 | H107: =G107+H101+H102+H103+H104+H105+H106 -> 0 | I107: =H107+I101+I102+I103+I104+I105+I106 -> 0 | J107: =I107+J101+J102+J103+J104+J105+J106 -> 0 | K107: =J107+K101+K102+K103+K104+K105+K106 -> 0 | ... X107: =W107+X101+X102+X103+X104+X105+X106 -> 0 | AA107: =Z108+AA101+AA102+AA103+AA104+AA105+AA106 -> 0 | AB107: =AA107+AB101+AB102+AB103+AB104+AB105+AB106 -> 0 | AC107: =AB107+AC101+AC102+AC103+AC104+AC105+AC106 -> 0 | AD107: =AC107+AD101+AD102+AD103+AD104+AD105+AD106 -> 0 | AE107: =AD107+AE101+AE102+AE103+AE104+AE105+AE106 -> 0 | AF107: =AE107+AF101+AF102+AF103+AF104+AF105+AF106 -> 0 | AG107: =AF107+AG101+AG102+AG103+AG104+AG105+AG106 -> 0 | AJ107: TAP-C | AK107: =+AH47 -> 4632864 | AM107: ・PRB | AN107: =+AG76 -> 45361.273 | AP107: =+AN107-AN99 -> 8651.2067
...

Sheet Over view
O3: =+Data!A1 -> 46082

Sheet WD
P7: =+Data!A1 -> 46082
S50: Issued By | T50: Checked By | U50: Approve By

Sheet PRB
Q4: =+Data!A1 -> 46082
S50: Issued By | T50: Checked By | U50: Approve By

Sheet ADVICS
P3: =+Data!A1 -> 46082
S50: Issued By | T50: Checked By | U50: Approve By

Sheet TAP-C
P3: =+Data!A1 -> 46082
S50: Issued By | T50: Checked By | U50: Approve By

Sheet Other
P3: =+Data!A1 -> 46082
S44: Issued By | T44: Checked By | U44: Approve By

Sheet Sheet1
B2: Annual Sales
A3: Jan | B3: 70676806
A4: Feb | B4: 70546607
A5: Mar | B5: 68521227
A6: Apr | B6: 61903346 | D6: Sale Progres(%)
A7: May | B7: 77617486 | D7: Date | E7: 1 | F7: 2 | G7: 3 | H7: 4 | I7: 5 | J7: 6 | K7: 7 | L7: 8 | M7: 9 | N7: 10 | O7: 11 | P7: 12 | Q7: 13 | R7: 14 | S7: 15 | T7: 16 | U7: 17 | V7: 18 | W7: 19 | X7: 20 | Y7: 21 | Z7: 22 | AA7: 23 | AB7: 24 | AC7: 25 | AD7: 26 | AE7: 27 | AF7: 28 | AG7: 29 | AH7: 30 | AI7: 31
A8: Jun | B8: 76501452 | D8: SAP update
A9: Jul | B9: 73839707
A10: Aug | B10: 73870364
A11: Sep | B11: 74132422
A12: Oct | B12: 76751426
A13: Nov | B13: 74712370
A14: Dec | B14: 65967054
